Image,Label
24117,4
15322,4
14546,6
8079,0 6
13192,3 4 6
25927,1 4
3372,0
21781,3 6
2847,4
16413,9
12090,6 9
6937,4 6
28974,3 4 6
14484,4 6 7
22781,4 6
3906,5
10486,1 6
10948,4
23752,4
21219,4 6
24047,2 4
12814,3 4
2400,4 6 7
30332,4 5 6
23728,4 6
28039,4 6 7
18669,4 6
22520,4 6
3143,1
16968,5 6
18868,4 6
26489,0 4
21931,4 6
9749,4 6
26124,0
16546,4 6
234,7
7855,4 6
3866,3 4 6
4655,4 6
18332,4 6
17368,1
93,3 6
26682,6
23075,4 6
6200,4 6 7
20047,3 6
9136,0 4
18778,0
26346,3
3741,6
22863,2
21698,9
21906,4 6
23453,6
8557,4 6
24638,4 6
5950,6
19639,9
11628,4
14064,4
15059,0 4 6
11550,0
29457,1 3
7711,2 6
28287,5
16158,3 5
16094,0
17654,0 4
6910,6
12298,9
27935,4 6
5019,8
7200,4 6
15279,0
30383,4 6
28803,2 4
23839,4 6
11106,6
13423,5 6
21059,6
17274,4 6
4877,4 6
16478,2 4
26799,4
19310,3
11810,1
7545,2 6
26224,2 4
17400,4 6
23317,3
8540,1
24095,5
22810,4 6
29138,2 3 4
25457,0 3
12482,4 6
10374,3 4
18976,4 6
21236,1
21795,4 6
3205,0
12001,6
15198,6
9496,4 6
21239,4 6
3992,4 6
17631,1 6
6511,0
20732,0 2
23237,3
17306,6
13989,4 6
6382,4 6
9312,0
7918,9
12438,3 4 6
26177,1 4 6
19690,0 6
24692,4
29141,2
14867,6
11685,9
16588,4 6
21182,3 4
6675,4
5055,4 6
17815,6
25468,0
19774,9
8647,0 2
26626,2
26529,0
13483,6 7
2562,0
17907,3 6
25090,3 4 6
25911,6
26669,0
5650,0
625,1 6
12351,4 6
11959,0
28697,2
24250,2
11019,6
6084,4 6
30133,4
10828,0 3 6
11145,9
3695,4 6
18520,0
15727,0 3 6
14493,1
16030,4
8573,9
14864,4 6
17530,4 6
831,2 4
27440,0 2 6
28724,1
1552,0 6
11653,1 4
11890,1
13112,0
27506,3 5
24873,3 6
21744,4
14003,2 4
22395,4 9
10334,0 2
8091,8
23253,4 6
968,6
1025,2 4
12125,3 4
29913,6
12073,9
11488,3 4 6
23828,7
10360,4 5 6
23296,6 9
16808,6
10765,6
13748,4 6
13202,0 6
2519,3
23017,0
30772,4 6
29489,2
11295,6 7
22019,8
26973,4 6
963,0 6
10927,0 6
8751,4 6
25774,4 6
8397,2
13806,6
12892,4 6
13939,0
11031,4 6
3099,2
7959,7
19407,6
30209,1
30416,0
14938,6 7
1796,2 3
23465,3
4477,4 6
25960,0
15529,0
4110,3 4
17200,3 4 6
27503,4 5
16936,1
13527,4 6
26580,4
12843,2 4 6
25833,0 6
1541,4 6
9445,3
30354,9
27012,4 6
26496,4 6
17246,0
7135,8
312,1
21149,0 4
7010,4 6
25521,1
26651,9
19033,3 6
17490,4 6
7310,9
11406,7
2667,3
13961,2
25863,3
3989,0 4
7145,4 6
18182,4
12808,4 6
1035,4 6
6049,4 6
18040,4
10305,1
2293,6
15512,2 4 6
31033,6 9
975,9
19791,2 4 6
19773,4 6
1388,9
17520,0 6
23175,4 6
19323,4 6
27655,4 6
19117,0 2
28520,4
20653,4 6
24414,6
27349,1
15528,7
1985,3 4 6
9584,4
9424,2 4
9306,4 6
26924,6 9
19101,5
236,4
20576,4 7
20658,4 5 6
16093,4 6
14674,0 6
17976,4 6
13171,6
20353,3 4 6
30153,0 6
1086,3 4 6
10136,0 4 6
12302,6
5590,3
8497,1 3
953,6 7
8376,4 8
13638,0 4 6
6399,3 4 6
19792,4
19077,3 4 6
16336,1
26809,7
18181,0
26950,5 9
9459,6
3182,2 6
22509,4 6
13067,0 2 6 7
6100,4 6
287,6
23,9
11043,6
30254,0
23968,4 6
18381,1
22366,3 6
28406,4 6
170,6
1981,4
18672,2 6
4149,6 9
18272,9
13917,0 6
15285,3
27132,2 4 6
16367,4
17066,6
18326,4
26368,4 6
25195,0 2 4
13973,0 6
21978,4 6
27469,0
24903,4 6
20663,0 3
2365,3
7164,3
20363,6
29503,6
21148,4 6
19012,4 6
27823,0
28605,6
3166,7
6412,4 5 6
25160,4 6
2757,4 6
12748,6
19014,6
28461,9
1088,4 6
3023,0 3 6
20123,7
1353,2 3
23435,4
15524,1
799,0 4
10553,3 4
8527,5 6
15884,4 6
29242,0 4 6 9
10888,1
29505,2 4
9815,3 4
15534,1 4
17839,4
22627,4 6
22679,3 4 6
28292,4 6
7228,4
9896,4 6
10801,6
4804,4 6
8249,4 6
5638,2 4
4276,4
11115,1 4 6
23181,3
9130,0 4 6
13204,6
8550,4
23811,6
785,1 3 6
9897,0 4
18069,0 4 6
16931,0 3 4
27502,0 2 4 6
25773,4 6
3718,0 4 6
16294,3 6
26718,2 4 6
19727,4 6
7176,4 6
6907,6 7
30142,6
6564,4 6
11188,0 4 6
27644,2 6
11561,6
18628,6
17791,4 6
13757,0
24588,6
23830,1
10522,6
415,1 6
27965,6
10148,1 6
28905,4
7586,0
8065,3
27791,4 6
24616,3 4 6
24883,4
22759,3 6
12443,4 6
7796,2 4
5360,4 6
20530,4 6
3539,2
10557,4
16207,0 3 6
28983,4 6
3916,4 6
10943,4
1974,4 6
21215,4 6
14887,0
4423,4 6
23885,7
25082,3 6
252,8
4734,3
12199,9
26655,4
14117,4
11082,4 6
3480,3 4 6
25690,4 6
4712,0
17195,4 6
2292,4
1012,6 9
17864,4 6
25861,4 6
8088,0 6
9833,6 9
17162,3 4 6
8789,2
22556,2 4
927,0
23615,4 6
3046,3 6
24304,4 6
18817,8
18873,9
25200,3 6
22152,7
15630,4 6
12114,6
15814,4 6
3825,1
14655,2
31045,4 6
29209,0 4 6
7474,6 9
12392,0 4 6
27555,6 9
22764,4 5 6
11816,4 6
15849,5 6
27052,0 4
17324,4
9065,3 4
9394,9
11415,4 6 7
29976,4 6
5223,0
15597,4 6
25093,6
1843,4 6
1810,4 6
2544,0
16058,1 6
21392,2
24682,3 4
16456,4 6
26654,4 6
1031,6 9
12492,0 6
11081,4 6
12713,4 6
7388,1 4 7
17673,9
21080,4 6
9478,4 6
13745,3
19704,0 3 4 6
15078,0 3
11800,2
6717,0 6
23190,0
16282,4 7
6833,4 6
13802,4 6
5853,4 6 7
2759,4
14037,4
18244,0 6
17533,4
16596,4 6
12687,6
12693,8
7293,2
4245,4
8436,0
17806,4 5
5852,4 6
27024,3 4
12514,0
18464,3 4
30293,3 6
8896,4 6
28215,4 5
3119,0 2 4 6
30027,3
29350,6
235,6 7
16074,0 6
19891,2 6
28236,4 6
49,6
8637,0
13700,6
2126,3
13295,3
11149,4 6
26450,1 6
11471,3 4 6
28291,0
4609,6
2092,4 6
5306,5
30357,2 6
18558,3 4 6
18560,4 6
14284,4 6
4539,4 6
27299,2
8417,4 6
30834,4 6
16352,1
1641,7
27771,6
243,4 6
18760,9
6656,9
8897,4
14188,0 4
30798,4 6
19041,6
9242,2 4 6
17620,7
1365,6
26021,1 4 6
21146,4 5
5782,4 6
4757,4
5686,4 6
25945,4 6
13698,0 4 6
13150,6
1454,7
9117,4 6
21350,6
21105,4 6
27019,7
19753,4 6
28220,3
24636,7
261,0
14638,4 6
15424,4 6
22076,2 4
16694,4 6
6050,4 7
30588,6
2591,4
20601,6 7
17358,1 6
12715,0
26919,6
7407,6 7
174,4 6
27035,4 6
3309,0 3 4
2685,4 6
27851,3
20597,4 6
24715,8
23124,4
26268,3
6453,6
7648,7
11305,9
11313,4 9
28560,4 6
5056,6 7
5970,4 6
13119,0
4293,7
15622,4 6
14615,2 4 6
19864,4 9
17025,6
23503,3
16481,4 6 7
30966,3 6
23299,2 4
3598,4 6
28455,6
6640,6
10525,9
22094,3 4
30159,6
30062,4 6 7
25765,1 7
25835,4 6
11132,0
19743,6
12145,0 6
16770,4
26281,7
27447,4
31067,4 6
19834,6
2714,4 6 7
633,0 4
409,4 6
10878,7
11034,2 4
23434,4
14309,0
13588,0 6
824,0 3 6
22270,4 6
13956,4 6
28142,3
11999,3
1598,1 4
7944,1
21249,0 6
23014,0 6
24048,8
954,0
6112,6
17398,6
17465,6
8949,0 3 4 6
8510,3
21829,4 6
15842,4 6
22722,3 4
1459,4
8564,3 4
18330,9
10900,4 6
14645,9
4535,3 6
29741,0 2 4
22271,2
6659,0 4 6
3858,4 6
30933,6
10161,7
8766,1
28378,7
22949,8
4729,4 5
5558,6
7714,9
1713,9
16429,4 6
4582,6
4943,5 6
21259,0 6
930,0 4 6
6147,4 6
214,6
1801,4 6
28235,4
2310,4 6
23930,4 6
25620,2
19279,2
699,0 6
12578,3 6
28846,6 7
30750,0 2
11559,4
2478,7
27773,0 4 6
14829,3 6
23217,4 6
22883,4 6
11636,2
16416,4 6
8447,3 4 6
21737,2
18405,6
4286,4 6
6527,4 6
3353,5
10487,3
2321,0
6864,6
18086,2 4
6055,4 5 6
19208,3
10080,7
6557,1
2643,6
8343,6
23934,4 6
13822,6
4543,4 6
1239,7
11235,6
22612,1 4 6
2715,5
29271,0
19353,6
29795,5 6
12692,0 4 6
12955,5
7768,4 6 7
17373,3 4
21469,5
20010,0 6
27997,4
25565,4 8
28947,4 6
27758,4
26525,0
8143,7
26437,4 6
24259,4
29796,5
18380,0 4
22675,6
8676,6
17703,9
17717,4 6
22736,9
25207,0
27753,4 6
15184,1
10410,4 6
21757,4 6
12607,0 4 6
9672,3
2017,4 6
13912,5 6
1972,4 6
25461,9
8953,4
20698,4 6
10785,4 6
30776,2 4 6
7421,2
14272,4 6
28339,9
11163,6 7
9129,4
3343,6
22508,4 6
2523,4 6
16611,4
23809,4 6
31037,3 4 6
10193,2 6
5701,3
28420,0 4
924,3 4 6
15061,4 6
1792,3
19224,0 3 4
4574,4
18460,0 1
29866,4 6
15274,4 7
13422,4 6
7266,4 6
30773,6
27920,4
2111,2 6
187,4 6 7
14086,4 6
19907,2 4
4151,6
22082,4 6
6616,4 6
21977,6
23850,4 6
9934,4 6
4411,6 9
895,4
30192,2
15581,3 4
25658,1
2207,4 6
9502,0 4 6
15353,4 6 7
3474,2
19064,4 6
29454,4 6
19257,4 6
17289,0
5923,4 6
24778,6
24272,4 6
24453,4 8
11954,4
5485,9
21131,0
8275,4 6
13349,0
15494,0
2834,4
16203,0 6
27211,6 9
28621,0 4
12558,4 6
8372,3 6
8358,3 4 6
11402,0
30449,2
18339,4 6
3030,2 4
8893,3
16586,4 6
18710,6
28086,4 6
12936,7
8113,6
29738,4 6
1999,2 4
16696,0 6
1504,2
8178,3 4
5116,0
26857,1 4
12121,2
24069,4
22897,4 6
29550,3
14679,0
30717,4 6
21211,6
5331,2 4
12400,0
29161,6
22830,4 6
28371,7
7435,0 6
30893,4 6
25790,3
15508,4
14176,6
27594,3
16870,4 6
4638,6
10253,4 6
30733,4
581,0
2862,4
5889,6 7
21627,3 4 6
26291,4 6
18580,5
3510,4
27565,5
9908,7
24609,2 6
19815,3
6091,9
16913,1
11583,0
8235,4 6
25077,4 7
16368,1
2720,0
23320,4 6
22010,4 6
8228,2 4
30611,3 4
8982,4 6
22715,4 6
19476,3 4 6
2577,4 6
12653,6
16877,5
24922,0 3
14477,6
6462,4
27277,3 6
13624,7
10145,4 6
23413,0 4 6
13143,0 4
25563,4 6
4676,2 4 6
13470,4 6
7208,3 6
14604,0
4936,4 6
16505,4 6
24083,4
10663,0 3 4
3425,6
11794,0
18342,9
7531,4 6
25735,1
8478,4 6
11645,4 6
28517,3 4
23312,6
29086,4 6
29028,3
12282,5
1569,1
18484,6
3058,4 6
3717,4 6
22806,9
30703,0
17938,4
23148,0
24798,4
1240,5 6
9622,4 6
14941,1
21552,0
3577,3
15318,2 4 6 7
24057,1
15754,4 6
29779,6
29047,2
259,4 6
13526,4 6
15949,4
20617,0 4 6
6928,2 6
2476,4 6
1651,4 6 7
3407,4 6
25679,4 6
16835,1 4 6
9847,0 4 6
13572,0 6
26674,3
3193,6
199,8
14716,3 4
5529,9
26536,4
22079,0 3
26888,4 6
7169,2 4 6
20575,4
19868,6
6139,0 3 4 6
15296,9
28624,2
18857,6 9
1573,4 6
23617,4
17412,4 6
17861,1
3583,4 6 7
18231,4 5 6
27436,4 6
20466,4 6
19338,3 6
26935,4 6
2925,4 6
15415,4 6
15217,0 3 6
10570,9
10351,7
1876,0 6
15082,4 6
15165,2 4
19713,3 4
25767,1 4
27013,4 6
21098,2 4 6
27007,6
4219,6 7
7334,4 6
3613,4 6 7
10169,4 6
9493,4
4448,5
13941,9
11374,3
6637,4 6
30470,6
20968,2
1208,4 5
4470,9
2414,6
17263,4 6
12211,4 6
20072,4
14886,4 6
30658,1 4 6
16705,4 5
20294,5
27550,0
13916,4 6
15299,2 4
21763,3 4 6
5198,3 4 6
18972,4 6
22732,6
12825,3 4
7471,0
27939,3
20719,6 9
12504,7
23819,6
758,3 4
13389,4
13393,4 6
11964,0 6
3629,4 6
8017,1
15975,4 6
24004,0
2454,4
31012,0
24591,6 7
26396,7
5512,4 6
7237,6
1304,3 4
2065,3 6
23037,4 7
27674,2 4
7455,4 6
24685,3 6 7
12425,3 6
6837,1
24771,4
12312,4 6
12359,3
5871,7
2216,4 6
5818,7
16353,4 6
15307,7
26554,3 4 6
3390,4
23145,2
26121,0 2
17730,6 9
4089,4 6
28040,0 6
9924,6
24446,4 6
12457,4
28118,4 6
5654,4 6
18566,4 6
11482,5
4315,4 6
11697,4 6
5139,3
2429,4 5
1152,4 6
19550,4 6
14980,4
15417,3 6
1038,1
29159,4 6
17173,4 6
6145,4 6
22236,0 3
12541,4 6
25218,6
30766,0
14215,4 6
13514,1 4
602,6 7
14986,0 4 6
28660,6
19872,4 6 7
20158,4 6
10892,6 7
25996,4 6
1232,4
19956,6
5622,4 6
22072,2 4
5316,0 4 6
27262,1
25528,3 4 6
3616,0 3
15888,3 4
30299,4
11127,6
25099,2 6
4703,2 4
22081,1
21012,6
2072,4 6
18081,4 6
17941,2
2261,3 6
23187,3 4 6
7457,0
8458,1 6
2002,3
15338,4 6
18082,6
19540,6
2161,4
9889,4 6
29953,4 6
13142,5
2249,2 4
18963,4 6
5703,2 6
29551,3 4 6
23106,4
6750,6
24519,0 6
4087,3
847,6 7
14810,3
20411,0 4 6 7
21255,4 6 7
28921,3
19308,4 6
23911,9
16476,4 6
2250,4 6
25324,4 5
10020,9
8544,4 6
20816,4 6
11168,6
5475,4 5 6
8322,4 6
28955,6 9
3477,6 9
8716,0 4
18111,4 6
28480,2 4
23974,4 6
16815,6
3880,4
7287,4 6
4781,1
5695,6 7
4591,4 6
11748,2 4 6
23030,4
10984,4 6
13591,6 9
3945,4 6
29116,0
12005,4 7
25722,5
31025,4 6 7
6231,6
19568,6
7437,6 7
10610,0 6
12100,7
25726,6 8
1396,3 4 6
10542,6
13253,0 6
1540,4 6
1589,4 6 7
27723,4 6
20282,4
15658,4 6
21021,4
3078,2
23531,0 6
2393,4 6
8597,4 6
6635,4
15559,0
6710,4 6
20591,6
22995,3 6
26634,0
12333,6 7
14078,6
24842,6
23822,6
15799,4
8645,1
13101,4
1658,2
8237,6
24809,6
5600,0 6 9
4171,1 4
27543,7
3062,4
23789,6
15631,3
21760,4 6
8616,2
3615,0 6
22026,6
5083,4 6
14063,5
10335,4 6
1473,4 6
4621,4 6
20790,1
28881,4 5 6
29249,0
11296,3 4
18316,4 6
25085,0 4 6
12458,0 6
7220,0
29552,4 7
26749,4 6
12791,4 6
10074,1
29400,4 6
21982,6
26491,4
27432,4 6
4673,1 4 6
24563,4 6
26007,4
539,2 4
29826,4 6
10510,4
13606,4 6
5792,3 4 6
715,4
12761,0 5
9051,3
24860,3 4 6
10267,6
23206,6
5532,0 4 6
15411,1
27377,4 6
1264,2 3 4
23668,0 4 6
4394,4
19128,4 6
7149,3 4 6
22473,3
14488,4
14789,4
11669,4
22324,4 6
14815,0 6
13848,1
11677,0 4
27856,1
27960,0 6
13511,3
24321,4 6
19485,3 4
19932,0
30508,1 4
7873,4 6
30849,4 6
25431,3 6
15954,4 6
5312,0 4
13020,2 6
4951,4 6
13541,4
26524,4 5
414,6
13405,4 6
6625,0 4 6
20243,6 8
26872,4 6
14314,0
14131,1
4139,5 6
17550,4 6
29194,4 6
2284,6
23815,4
30932,3 4 6
22614,0 1
13458,1
9791,6
21689,6
12299,0 3
7207,6
2508,2 6
5087,4 6
18763,0 4
30646,3 4 6
25355,0 4 6
13810,6
1357,8
11436,4 5 6
18807,4 6
8648,1 4
20447,0 4 6
17287,8
27911,4
27188,4 6
1329,1 4
19779,9
17814,4 6
24298,3 6
3210,4 6
10584,5 6
9395,1 4
10687,4
2076,4 6
15288,4 6
22042,6
4970,0
26367,0 4 6
9691,2
19804,3
5520,9
2923,4 5
19528,6
27730,4 6
4333,1
2775,0 4
19383,0
17134,4 6
14764,6
15461,3 4 6
5947,4 6
2458,0 4 6
17216,6 9
11637,5
5608,2 6 7
9774,3 4 6
5001,9
22222,1 4
14996,4 6
1506,2
25424,2 4
22402,7
14279,4
17388,2 4
8960,2 6
5422,5
14509,3 6
25816,4 6
9132,7
28145,2 4 6
14049,1
8334,4 6
22552,8
32,4 6
10513,6
17196,1 4 6
16081,3
30684,6
2787,0
676,4 5 6
2264,1 4 6
26754,0
30846,9
14438,4 6
7588,0
5280,0 4
14693,6
15300,3 6
30586,7
7704,2 4
16260,4 6
5030,3
2563,4 6
3323,4 6
14500,4 6
22966,3
10612,4
2162,4
4567,2
3156,3 6
6117,4
13668,9
3438,8
18670,4 6
4491,4 6
2434,4 6
2507,2 4 6
15531,4 6
24550,4 5 6
12883,4 6
13478,6
735,4 6
11052,0 4 6
2066,4 6
14224,6 7
13120,4 6
15192,4 6
6599,3 4 6
27468,2 4
26311,6
8471,3 4 6
24485,4 6
22746,1
17860,4 6
13365,0
2343,6
24882,4 6
27266,4 6
2078,6
28495,6
28054,6
3972,6
10317,4 6
24584,9
23242,3 6
8466,2 4 6
13010,4 6
23489,3
28013,5 6
24305,4 6
3847,4 6
14210,1
6406,4
30596,5
14741,4 9
29803,7
15321,6
21281,7
30875,3 4
22227,0 4
14599,0 2 4
16973,3 4 6
30335,4 6
19860,2
6000,9
13337,6
8909,1 6
29031,3 4 6
17978,0
20789,3
2693,1
4082,3 4 6
13440,0 4 6
6820,7
21048,0
7535,5
21041,6 7
16859,6
22311,0 6
10981,6 7
19613,4 6
14261,4
24277,4
14167,3 6
11708,3
26452,4 6
11303,4
3209,4 6
21338,4 6 7
30816,0
27625,1
21803,4 6
29018,6
2525,4 6
25590,3
9840,3 6
23223,6
12928,4 6
20853,5
22885,0
21578,4 6
3678,0
7733,9
22613,0 4 6
19135,3 4
26187,6
19730,6 9
22420,0 6
14836,6 7
1602,6
6708,1 4 6
20488,4 6
29828,2 4 6
30613,4 6
28028,6 9
10603,4 6
24032,0 3 4 6
2742,2 8
12762,7
21025,3 4 6
211,8
17337,4 6
1992,6
2733,2
17171,4 6
22526,2 6
22669,5 6
20388,9
10222,4 7
29579,0 3 6
189,4 6
20284,3 4
1276,6 7
13311,0
22946,3 6
23783,3 4 6
14977,4 6
28288,4
29128,4 6
12096,6
26360,6
1962,1 7
9515,8
8021,2 4
9041,0 4 6
22433,4 6
22982,4 7
23566,4 6
3126,4
17962,5
7387,1 3
18429,6
6113,9
6509,4 6
26446,1 6
3410,4 6
17450,6
4754,1 6
24215,2 4
4611,6
28053,1
27591,4 6
27414,3 4 6
17948,0 6
13460,4
26412,4 6
25017,4
16639,6
26039,4 6
9245,4
20800,7
12640,4
3442,4 6
1566,6
28734,0 6
12423,6
30908,6
12861,9
18579,4 6
18000,1
30483,2 3 4 6
25750,1
9233,1
7424,4
9379,4 6 7
12358,0 2
6163,4
5106,4
26273,2 4
10167,4 6
26395,0 4
50,9
23128,3 4
3996,0 2
27613,0 6
9375,3 4 6
25041,4
30882,4 6
20553,4 6
7907,4 6
19960,0
12981,4 6
8579,0 3 6
4919,4 6
2048,4 6 7
21863,6 9
15803,6
6446,4 6
18247,4 6
19757,4 6
27330,9
11667,4
2421,2 4
12662,6
13782,7
3878,4 6
26788,3 9
19125,4
225,0 6
2556,4 6
27547,6
30753,6
15019,0
19526,4 6
13007,6
2185,2 6
1767,6
13352,4 6
24181,4 6
21416,4 6
18664,5 6
16028,0 4 6
5789,9
15853,6
11608,0 4
13250,6
1951,3 4 6
3367,4 6
25043,6 8
6162,6
24556,4 6
27774,6
10915,6
373,1
23738,2 6
20642,4 6
8689,0
29817,2
7152,0 6
10477,0 2 6
7432,9
13227,4 6
2270,4 6
17936,5 6
19238,4 6
2227,5
14971,4
17029,4 6
22238,4 6
7844,6
4800,0
8299,9
5694,6
19462,6
11958,9
21464,4
29868,0 4 6
22273,4 6
10139,6
28105,2 4 6
13816,6
19386,1
19004,0
16227,4
12534,4 6
24029,2 4 6
13264,4 6
12854,6
9926,6
27926,4 6
11280,6 9
1256,4
11625,2 3 4
24418,0 4 6
22667,0
29922,6
20796,1
7550,4 6
21819,0 6
26278,4 6
19857,6
23349,4 6
24921,4 6
19392,1
2863,2 4
5858,4 6
23068,6 9
23152,0 6
4148,0 3 4 6
16552,4 6
16698,9
13814,1
15982,3
23955,1 6
30429,0 4
25265,4 6
12432,6 9
4683,4 6
30000,9
9167,4
5200,4
21652,8
30013,4
23820,3
28108,1
29464,4 6 7
28529,4 6
7069,1
26775,4 6
11889,2 6
15205,4 5
9506,6
11987,0 4 6
6789,4 6
28845,4 6
10428,4 6
15683,4 6 7
723,0
30422,4
1966,8
11176,4 6
19110,0 6
1695,0 4 6
448,4 6
7108,1 6
5256,6
27422,4 6
19787,0 6
5540,6
15328,4
20801,2 6
10155,4 6
14496,2 4
30147,4
1140,0 4 6
27889,5
1338,0 4 6
27187,4 6
5539,1
5730,0 3 6
21111,4 6
26573,3 4 6
25817,4 6
15840,4 6
1257,4 6
13570,1 4
20258,4 6
23129,3
111,0
4094,0
28685,2
26510,3 6
29070,4 6
18693,1 7
28,4 6
9040,4 6
7602,4 6 7
381,4 6
22291,1
25103,3
4552,2
20504,4
23998,4 6
10442,2
19405,4 6
7811,6 7
24912,7
9950,1
9640,4
25262,4
6136,7
2018,4 6 7
11518,4 6
18076,2 4
20302,4
2741,8
17821,3
4452,9
13247,0
19381,5
27493,7
7930,4
4687,0 2 4 6
16572,2 4
3204,4 6
12253,6
6559,0 4 6
29672,4
30373,4 6
8286,3 6
18037,4 6
20962,4
9994,0 3 6
17051,4 6
20221,0 3 6
10960,3 4 6
25579,3 6
9579,4 6
869,0 4
30082,4 6
17629,2
13403,4 6 7
20116,4 6
21023,2 7
16951,0 3 6
28956,3 6
4370,0 6
4348,4
26033,3
4778,2 3 6
26100,2 3 6
11674,0
18563,4 6
15809,4 6
10846,6
7571,6 8
5832,6
23282,4 6 7
28209,5
29706,4 6
29447,0
7056,4 6
15449,1
7986,2 6 7
16999,2 4
515,6
58,4 6
25063,4 6
11754,3 4 6
22,0
6146,6
8412,3
16314,0 4
6440,4 6 7
24045,4 6
2853,0 6
18142,1
28262,1
12404,4
16327,6
2297,7
2551,4 6
4878,4 6
30025,9
4130,3
21905,2
23583,6
9225,3 6
4128,6 7
21885,6
7201,4 6
7425,0 6
16162,2 4 6
19747,2 4
5874,1
20494,2 4
8200,4
397,6
6778,3 4 6
20332,0 4
18930,8
11446,4
22919,9
8837,0
18526,4 6
15429,4 6
27953,0 4 6
29539,7
9656,3 6
5265,6
13031,2 4
9873,4
15343,4 6
26563,4 6
24744,9
1983,0 4 6
29290,4 6
27815,2 4
9,4 6
26138,4 6
27365,5 6
9026,7
23647,4
3448,2 4
19055,2 3
4820,4 6
26480,0 3
25070,9
25506,6
10763,4 7
23179,6
10664,4 6
13056,3
14925,4 6
30161,4 6
15096,2 4
18213,6
15114,4 6
27764,2 4
10747,1 3 4
22517,3
11412,4 6
21288,4 5 6
1029,7
21138,0
6456,0 4 6
29582,6 7
18375,0 4
27071,5
20761,1
10394,9
3384,4 6
19480,4 6
29988,3 4 6 7
10391,6 9
14360,4 6
11311,0
10585,1
1875,3 4
18843,0
20360,0 4 6
17348,4 6
1864,0 3 6
30238,4 5
4809,0 4 6
4750,4 6
11481,4
25992,2
16804,4 6
13228,4 6
25418,6
9744,4 6
19980,4 6
30467,2 4 6
29666,2
25485,4 6
5147,7
13435,6 7
18782,6 9
8011,1
6961,7
12442,4 5
9827,0
17771,3 5
14671,4 6
13286,4 6
11678,4 6
2666,6
6408,3 4 6
11000,0
678,4 6
6601,0 4 6
22784,6
14087,8
22567,4 6
9598,4 6
2955,2 4
2410,4
24699,3 4 6
3614,4 6
8694,6
23510,3 4 6
18003,4 6
24242,6
17937,4 6
3976,6
16830,4
15763,4
13579,4 6
15583,3 4 6
20073,0 4 6
24602,6
29770,4 6
21329,1
21814,2 4
24077,6
154,4 6
10126,4 6
7507,4
18026,1 4
29381,6
939,4 6
7468,6
4056,4 6
19870,4 6
20747,6
8816,4 6
24384,0 6
22106,0 3 4 6
24503,1
21094,6
22378,3 4 6
18864,4 6
1414,4 6
20783,6
24164,5
19644,3 4
11545,1 6
354,9
15248,4 6
25781,4 6
26370,0 6
6613,6
18428,0 3 4 6
11479,9
684,5 6
1604,6
13671,4 6
10924,4 6
9492,6
16868,4 6
8333,4 6
7371,3 4
3338,4 6
26557,6 7
25800,9
24353,6
1822,7
18449,4 6
9911,2
22156,2 6 7
3495,3
23462,3 4
8045,3
406,3
6798,1
9491,0 6
7764,4 6
13229,2
22055,3
30514,4 6
336,4 7
21827,0
604,4 6
27971,1
21362,9
5990,0
1942,7
30784,0 3 4
132,3 4 6
22500,4 5
9190,3 4
6094,3 6
13626,3 4 6
12305,0 4 6
88,4 6
12767,0 4
11392,1
12344,4 6
7882,6 7
8135,4 6
1285,2 4 6
20029,2 4
5237,7
10291,4 6
575,6 7
18887,4 6
28387,7
863,3 4
28574,4 6
21709,6
20809,0
10515,4 6
8615,0
28090,4 6
27607,6
8683,4 6
12924,4 6
23058,1
8446,6
2835,1 4
3636,3 4 6
30858,4
5057,6
988,7
9865,4 6
6822,4 6
4469,4 6
15697,2 6
10418,4 5 6
28343,4 6
314,6
27747,2
29917,4 5 6
26029,2
7486,4 6
12875,6 9
8475,3 6
30340,4 6
6490,0 4 6
13449,3
4916,6 9
18783,4
28832,3 5 6
12576,6
20153,3 9
9212,4 6
16890,0 4 6
14765,0 3 4
4588,4 5
10952,4 6
6713,9
14247,6
7024,3 4
17087,2 4
30737,3 4 6
30884,0 3
23988,4 6
17335,9
10527,4
18587,1 4
29638,0 3 6
12491,4 6
13274,4 6
22342,3 4
15489,4
1572,4 6
11219,4
10168,4 6
10426,0 4
1282,4 6
11528,4 6
30241,0
9008,6
12402,0 2 6
20703,3 4
18880,3 4 6
11066,4 6
12369,4 6
27381,4 6
6523,6
27343,9
902,3 6
4253,4 6
15612,4 6
13932,2 4
1377,6
1626,9
18842,4 6
3822,6 9
24673,4 6
24506,4 6
18362,0 6
18206,4 6
13012,2
21762,4 6
22200,4 6
15753,6
20323,1
2784,0 4 6
21644,3
5058,6
23867,0 3
654,6
30477,8
15341,1 4
26144,4 6
25534,6
17609,0
8518,4
507,4 6
4942,0 4 6
10779,4 6
28554,3 4 6
1065,3 6
22716,2 3 4 6
28738,7
11676,4
15419,4
22756,3 4
6461,4 6
8984,9
10589,5
14401,1 4
29596,7
5348,9
23227,4
15808,4 6
8967,6
6982,9
2836,4 6
6804,6
57,5
22300,6
1121,3 4 6
9202,4 6 7
10377,4 6
19736,4 5 6
8310,3 4 6
15668,4 6
20230,7
11099,4 6
17158,3 6
9443,3 4 6
1301,4 6
19688,4 6
30035,3
14005,4 6
28447,0 6
10364,0
24834,0 4 6
13006,5
9138,0
1961,0 4 6
27240,4 6
29830,3 6
6153,6
12585,4 6
30957,0
21367,7
7429,6
28925,4 6
14502,4 6
4482,0
23758,9
1978,2 4
13487,5 6
14060,0 4
762,9
24332,6
9017,4 6
30810,4 6
22542,0 6
31035,4
8208,4 6
12907,3 4
18150,3 4 6
27632,6
19409,4 6
1323,4 6
5154,4
15706,4 6
4660,0 3 4 6
16829,2 4
11963,0
21379,1 6
21719,2
7117,2 4
10202,8
1173,4 6
27656,5
17725,4 6
11684,4 5
8308,9
13023,2
11056,4 6
12986,9
7197,6
7395,1
24358,1
18924,4
9947,0
6669,4 6
20088,4
23140,3 6
11788,4 6
6259,4 7
20644,0 4 6
4526,6 7
24317,3
29010,4 6
18519,4 8
6126,6 9
13598,7
26243,9
2930,2
8454,0 3
17905,2 4
3882,4
21157,1
12994,4 6
25302,4 6
1221,4
31053,4
2694,3
4933,3 6
5041,6
2274,4 6
18523,0 2 4
9042,4
19065,4 6
17298,0 2
17564,9
1575,4
20849,4 6
10723,4 6
27521,5
19805,4
9606,3 4 6
13684,0 4
20111,4 6
25513,1
4204,6
7110,6 7
2701,2
7673,4 6
27727,1
20034,6
10790,0 6
20056,1
18885,4 6
20951,1 4 6
12954,4
14664,4 6
23762,4 6
15332,0
24193,4
4772,2 6
27763,3 6
29258,4 5 6
18059,4 6
17270,1
23476,0 4 6
13156,1
5437,3 4 6
9449,3 4
77,4 6
5476,6
24022,0 4 6
11953,0 4
9792,3
14495,4 6
969,4 6
10839,1
23257,1
27206,6 7
421,4 6
11267,4
14196,6 9
31020,0 3 6
28391,4 6
5165,0 6
25502,4
19614,0 4
29376,7
15966,2
7044,6
4497,4 6
1908,4 6
15516,6
18701,3 4 6
8067,4 6
21566,3
28146,0 4 6
4694,4 6
14927,4 6
23551,1
8159,6
29608,6
9905,4 6
5323,2
22032,1
5487,4 6
910,2 4 6
6685,1 6
5501,0 4 6
2488,6
30981,4 6
19806,4 6
11787,6
8686,0 3 6
20656,4 6 7
3088,9
3691,4 6
12746,4 6
16434,4 6
28951,1 4
28781,9
19292,4 6
29933,6 8
18607,6
20556,6
26847,4 6
21567,4 6
24756,9
5296,0 6
24217,0 4 6
23386,8
14772,4
27244,4 6
25775,4 6
4255,4 6
27169,4 6
23596,4 6
5876,2
8950,6
23392,6
27018,4 7
12382,7
4596,3 4 6
15024,4 6
21393,4 6
20835,4 6
16738,3 4 6
19610,4 6
24010,0
16117,0
24679,4 6
13016,3
26673,6 9
23304,3 4 6
5074,6
29091,0 3 4 6
16447,4 6
4824,0
14103,3 4 6
17251,4 6
24889,4 6
14731,4 6
3050,4 6
9240,4
9489,4 6
22845,3 4 6
7905,6 9
25648,4 6
14057,6
30548,4 6
15485,9
12776,3
2558,4
6646,4 6
25108,4 6
14149,3
24631,4
6085,4 6 7
86,4 6
29652,4
17873,1
26986,4 6
10996,6
17997,6
8326,4 6
4323,2
6715,6
9440,7
28034,0 3
22254,6
20810,1
28477,5
17590,5 6
29384,4 6
2110,3
12885,2 4 6
585,6
15972,4 6
9452,6
5053,6
15421,7
24541,8
18640,4 6
12276,4
695,3
8584,0 4 6
20942,3
21626,0 4 6
16544,6
17893,4 6 7
29367,4 6
22147,4 6
22417,4 6
12512,5
5209,4 6
9646,2 4 6
4124,0
8721,2 6
8898,4 6
24515,3 4 6
22131,4 6
2425,6
23264,1 4 6
2894,0 6
25854,0 4
9505,3 4 6
17115,2
21483,0 4 6
15368,3
14186,4
1129,2 4 6
18227,7
23427,9
4405,9
5891,6
7442,4 7
18793,2 6
29277,4 6
16343,4 6
21210,4 6
17820,4 6
24062,4 6 7
4880,3 4 6
25425,4
5713,6 7
19788,4 6
18567,4
5033,4 6
15806,5 6
5495,0
23134,4 6
15351,5
1203,6
13755,4 6
16023,4 6
20213,0 1
4508,2
26261,0 4 6
1047,1 4
10108,0 4
7046,2 4
25180,4 6
21383,9
1021,6
14252,0 2
21630,4
31014,4 6
6319,2 4
8370,3 4 6
14556,0 6
24082,2 4
23174,4 6
10851,3
20813,2
26730,6
15346,4 6
1881,4 6 7
24841,2 4 6
22672,1 4 6
10152,8
26255,4
29568,4 6
2056,4 6
25599,3 6
4661,4 6
13384,4 6
8505,4 6
5,4 6
11373,0 6
9818,6
13178,2 3 4 6
13854,6
19952,4 6
1487,9
8483,6
26528,1 4
4032,4 6
3091,2 4
16941,4 6
28226,3 6
15760,6
14398,0
1574,6
16323,3 4 6
8081,4 9
16903,3 6
30666,2 4
23368,0
23597,4 6
573,1 4
9337,6
6530,6
23823,4
10635,4 6
9465,3
7740,4 6
29840,3 4
15006,0 6
9983,0 4 6
23825,4
22056,4 6
10770,4
17140,5
14021,4 6
12411,4 6
19940,8
17436,3 6
5967,0
21186,4
14281,1
21843,4 6
26209,4 6
9933,4
1066,6 7
22161,1 6
10324,4 6
6345,4 6
6203,6
16910,0 4
11704,0 3 6
30395,5
25332,0
1823,4 6
4966,6
28315,3
26833,2 4 6
14054,4 5 6
23642,4 6
8921,4 6
23753,4 6
22879,8
30165,0 4 6
8874,3 4
5497,6 9
22461,2 4 6
129,4 6
28158,4 6
18530,4 6
18275,4 6
12887,6
14632,8
18850,0
6755,4
8421,4 6
30926,4 6
26816,0 6
14248,2 4 6
20694,0
7857,4 6 7
27675,6 9
291,9
14105,7
13254,0 4
24479,2 4
18750,6 7
5073,3 4 6
23558,5
11595,4 6
21587,5
6598,3
30036,4 6
22347,4 6
24660,4
28992,4
16863,4 6
10660,4 6
17267,6 7
16583,0 4 6
907,2
23666,0 4 6
7956,4 6
7483,3
8566,4
30669,4
23137,0 4 6
29593,4
23297,4 6
2259,4 6
10648,6 7
22306,0
1696,4 6
16424,6 7
9330,4 6
13958,2 6
22441,5
4833,1
13783,7
26406,0 6
27609,3 6
20675,2
28833,4 5
15903,4 6
11673,0 5 6
28844,9
21322,4 6
12768,2
801,3 4 6
9358,4 6 7
7210,6
1895,4 9
13055,2
1690,0 4
14504,4 6
16771,9
19424,8
23074,2 6 7
28335,6
30622,0 4 5
26409,3 6
13343,7
22277,4 6
15481,4 6
23945,2
25891,6
23961,4
3418,6
8441,4 5
29541,7
568,6 9
18650,9
513,0 6
24545,6
6839,6
6786,4 6
24707,1 4
27831,3
15276,1 6
27340,0 6
10295,1
16210,4 6 9
1016,7
26929,6
3594,4
10345,3 6
16649,7
22573,3 6
12245,0 4
24106,6
6647,3 6
28793,9
2105,1
14659,3
23396,0 6
9980,8
18680,7
29739,0 4 6
1753,8
12345,4 6
22304,0 4 6
29961,8
2599,1 4
5161,8
14937,0 6
8148,4 6
25547,4
2490,8
27449,0
24906,2 6
9871,4 6
10696,6 7
28765,4 6
9095,2
16015,7
9024,6
7911,6
10518,4 6
26220,3
26093,0 6
27235,2
5893,6
4230,4 6
814,4 6
4906,4 6
5118,6
27386,4 6
3404,6
2504,3 4 6
26599,6
5192,4 6
13038,4 6
22198,6
5719,3 4
1431,0 3 6
6048,0 4
6999,4 6
12146,0 4 6
19937,4
1436,4 6
2952,3 4
18093,4 6
7497,6
12673,3 4 6
11913,6
10256,4 6
2697,3 4 6
17755,3 4 6
22577,0 2
4999,4 6
1932,3 4
13316,6
8368,4 6 7
24958,3
16035,0 4
28807,0
23408,4 6
23682,4 6
22506,0
24101,4 6
22442,9
5553,4 6
9610,6
16068,2 4
29392,3 6
4647,3 4
26056,6
23600,3
27198,6
20608,5 6
11134,0
14707,2
26625,0
21238,6
11813,8
9090,0 4 6
13883,4 6
13716,8
18220,4 6
2669,6 9
28908,6
26081,2 4
22610,6
25625,3 4 6
18571,9
25007,6 7
30331,4 5
17510,0
3100,1 4
8496,4 6
26053,4 6
27936,8
30423,0 4
9708,4
9577,4 6
219,1
20549,4
5493,4 6
28571,6
5012,6
9303,1
25985,0
12046,4 6
4106,6 8
24781,4 6
1043,0 3
23043,3 4 6
16350,4 6
28719,4
5753,4
18831,4 6
27996,4 6
10151,3 6
4054,7
29611,4
23881,6
24410,0 3
11327,6
25979,3
8914,2
13547,4 5
13276,6
6287,9
25577,4 6
30581,4 6
21584,6
22215,0
20418,1
16534,6 7
1699,6
16882,1 4
7500,4 6
28596,4 5
9301,0
13152,6
26339,3 6
24397,5
16385,4 6
14413,0
20369,0 6
466,5
20870,0 6
11744,4 6
14025,4 6
8433,4 6
10957,4 6
26579,2 4
21334,3 4 6
30220,5
600,6 7
9626,4 6
4295,4 6
13258,4 5 6
18407,3
27580,4 6
27442,4
23585,4
20807,6 7
15021,4 6
23011,4 6
331,4 6
22064,4 5 9
17508,3 4 6
8990,6 9
15690,4 6
17856,6
11140,3
13191,6
2815,2
15015,3
10777,4 6
21751,4 6
2171,0 6
17285,8
22943,4 6
18933,4 6
4069,0
4109,6 7
16776,2 3 4
30526,4 7
30850,3
19217,2 4
4580,4 6
2441,4
2533,9
17194,3
26893,4 6
22589,4 8
12110,2 6
24620,4 6
2196,4 6
16442,4 6
11407,0 4
11476,4 6
20163,4 6
19682,1
4133,3 6
22874,9
21672,0 6
2796,5
8189,4 6
17810,4 6
12664,4
13122,1 4 6
4415,3
20132,9
29215,6
4049,6
20717,4 6
3869,9
9483,4 7
14322,4
27784,4
18253,2 4
29991,0 4
30150,4 6
1249,7
12412,1 4
16689,6 9
10464,0
28936,4 6
30865,3 6
6861,4
3750,3 4
23578,4
11988,8
3280,4 6
5075,0 4 6
21807,4 6
10879,4 6
30799,4 6
16784,4 6
2150,6
12641,3 4 6
16487,2 4
22122,4 6
119,1
11881,2 4
18318,4
23941,3 4 6
12249,2 4 6
8760,0 6
27563,1
30844,0 4
24766,0
22601,6
24943,6
24851,2
6291,4 6
2582,1 6
12486,7
17425,7
31032,7
5598,0
11895,4 6
24137,9
11408,3 4 6 7
24933,2
9414,3 4
23010,4 6
2071,4 6
30080,6
29017,5 6
28785,2
23541,2 6
8665,3 4 6
12430,4 6
10941,6 7
14134,3 4 6
6705,0 4
353,6
3877,3
7804,4 6
8085,4
30217,0 6
1666,4 6
14788,4 6
10617,3 4 6
22203,1 4 6
24231,5 6
9733,3 4
4262,6
14065,2
17257,1 4
25257,3
17282,3
12451,4
14007,4
845,3
18333,3 4 6
16528,4 6
101,4
14515,4 6
20184,7
24244,3 4 6
28251,9
8983,4
21460,4
29197,1 4
26011,0 6
1049,4 6
22696,9
13269,1
24561,4
9665,3 4
30828,2
5182,6 9
17729,7
25868,6
8183,4
8166,0 2 4
13347,4 6
12234,6
17694,1 6
30917,6
18161,1
10194,4 5
14952,4
15426,2
22603,1 6
5412,8
11521,3 4 6
7577,4 6
18912,1
319,7
30201,4 6
28010,3
313,0
22744,4 6
11536,3 6
908,4 6
12496,6
2263,3
14673,2 6
5665,0 4
29132,0 6
26432,6
29247,2 4 6
21831,0
31002,9
5877,3
25955,1
8886,6
9669,3 4 6
23545,4 6
4825,6
28707,3 6
27879,4 6
26555,4
21364,0 4 6
19750,4 6
15380,4 6
8039,3 4
25530,1 4
14475,4
8181,3 6
22014,6
9121,6 7
23457,2
17765,4 6
15628,4 6
4472,4 6
18267,4
7195,4 6
18893,7
24852,3 6
29178,1 4 6
3349,7
9741,4 6
4534,4 6
20573,4
23344,3 4
9758,4
24349,0 4 6
27795,3 6
9343,4 6
3014,0 4 6
8394,6
16488,1
24782,4
23854,4
7244,4 6
3630,4 6
8554,4 6
8757,2 6
12390,1 7
20689,0 4 6
25877,0 3 6
29742,0
22910,0 4
14994,4 6
26274,4 6
12714,3 4 6
10257,3 4
7461,4
26807,4 6
10099,1 6
5729,6
14587,6
12681,6
26445,4 6
11567,4
17494,9
9178,7
30048,4 6
27149,2 3 4 6
4600,5
21473,4
23438,6
25560,4 6
5366,4 6
26725,6
28188,3 4
28932,4 6
24553,8
8010,0
16150,6
11375,0 4 6
16977,2
16553,0
21501,1
7876,6 9
26666,6 7
28081,2
23708,6
15160,0
28044,0
21711,4 6
3632,4 6
24323,6
19523,1 4
29294,9
10011,4 6
11946,6
20661,4 6
15442,3 6
7350,4 6
30705,4 6
27755,0 4 6
14299,7
22775,4 6
6533,6 7
24115,4 6
9955,4
30398,2
14357,3 6
7860,6 7
26663,2 6
20371,6 9
8739,0 4 6
23495,3 4 6
19548,6
23866,2 4 6
26617,3 4
30393,6
22782,3
19938,3
6916,6
12296,7
11968,6
27077,6
26325,3 4 6
22049,4 6
6631,4 6
4937,4 6
29370,0 4 6
14735,3 4
14698,0
24955,4
30151,5
30681,0 9
6370,0 3
26541,0 3 4
12162,4 7
477,4
12489,4 6
1379,0 3 4
25857,5 6
5615,4 6
8531,4 6
20279,3
14589,0 6
21723,0
1254,4 6
2081,5
15470,0 3 4 6
16954,4 6
2575,2 7
15545,7
22133,4 6
19900,9
6922,4 6
30746,4 6
22393,4 6
7772,3
15731,5
24419,1
9997,4
21032,6 7
11370,3 4 6
20215,3 4 6
24653,5
7482,3 4
28651,4
28667,2 6
27017,4 5
26086,4 6
21926,4 6
27289,4
7863,6
10304,4 6
5462,9
18463,6
29687,3 6
8247,0
26057,4 6
24315,4
836,2
4658,6
3185,9
22749,0 2 6
17125,6
21800,4 6
20039,4 6
6304,0 6
1789,1 6
5375,3
26003,7
23192,3 6
13332,6
26099,4 6
24202,6
4284,3 6
4868,4 6
4401,1 4
9664,1
5044,4 6
4152,4 6
26724,3 4 6
23695,1
16594,6
12000,4 5 6
30120,6
1652,6 9
24502,1 4
6887,4 6
25442,6
194,0 6
2883,2 4 6
20100,4 6
26797,0 6
1743,0 6
10492,7
13100,1 4
10706,4 6
14803,6
153,6
20186,4 6
31019,1 4
21940,5
18593,4 6
25988,0 4 6
3376,0
8918,1
17545,4 6
13308,0
959,3 6
2572,9
8150,4 5 6
2943,4 6
13387,5
13699,0 6
24286,2
12726,9
12151,6
19562,6
25339,0
12278,2 4
4675,2 4 6
15997,4 6
4548,4 6
26514,0 4
1954,6
15541,4
30809,4
16248,4 6
274,4
28952,3
22206,2 4
19267,4 6
17297,4 6
8927,0 4
22150,5
19307,0 5
16651,0 6
22035,3 4
28261,4
25672,0
44,3 4 6
164,0
9727,1 4
15450,3 4 6
8214,4 6
10383,4 6
24183,6
22908,3
15800,4 6
128,3
29980,0 4 6
17086,3
497,6
26185,4 6
30274,4 6
5822,6
4654,3 4
10331,4 6
548,4
26812,4 6
26461,3 6
19009,4 6
25783,4 6
15615,3 4
435,3 4
12631,4 6
10034,0 4
24097,4 6
20987,8
21866,0 4 6
15818,8
27092,7
12770,3 6
9074,4 6
18994,0 4
11160,6 7
3040,9
2363,2 4 6
26772,4 6
30026,3 4
17823,4 6
28531,0
23586,6
25931,4
1083,4
30128,4 6
7549,0 1 4
30712,4 6
1780,4 6
12187,9
23938,0 3 4 6
1827,4 6
15324,0 6
27212,4 6
15985,0
14179,2 4
10292,2
22518,7
15292,2
15490,5
12150,1
28428,4 5
21508,4 6
14609,4 6
8521,4 6
20438,4
7746,4 6
8477,4
27039,6
16070,3
950,6
18444,6 8
20499,4 6
28635,6 9
21154,2 4
14997,1
28493,3 4 6
20404,4 6
5325,4 6
1247,0 4 6
3574,4 6
22926,4 6
546,4 6
3558,7
2229,4 5
20508,6
30203,8
7485,3
8383,4 6
29136,0
2631,0 2 4
9525,9
11172,1
11603,4 6
4780,4 6
15983,4 6
11556,6
14708,6
21736,9
1243,3
16991,2 4 6
22948,6
3139,3 6
28438,0
20531,5
17064,0 4 6
3514,0 3 6
2651,6 9
12147,6
13165,2 6
11860,2
7443,4 6
19635,4 6
10293,1 6
18358,4 6
28704,4
27197,0 4
10232,4 6
469,2
13436,6 9
29732,6
17847,5
7605,1 4 6
19611,6
5846,1 4
17748,9
27514,0
17307,2 4
1245,2 4
13358,1 4
9880,6
29331,0 4 6
483,3 6
24495,2 6
19212,4 6
18160,1
16099,4
6737,3 4 6
4031,2
26052,0 3
14150,6 9
3671,1 3
3306,3 4 6
20868,0
21837,2
10174,3
15390,2 4
11433,6
24034,6
21839,2 4 6
7430,4 6
218,0
22758,4 6
18325,6
14565,4 6
16095,0
28485,6
11984,6
501,4 6
18169,4 6
2020,9
21056,3 6
16007,6
1808,4
20310,9
20541,6 9
24902,0 4
24470,4 6
2795,0
21431,4
7299,4 6
9907,4 6 7
1474,7
30490,4 6
28869,5
7501,5
30019,0
11829,3 4 6
30167,8
5785,4 6
10908,4 6
637,4
10484,3 4 6
8424,1 4 6
702,4 6
5671,0
29065,3 4
15886,6 9
22486,0 3 4 6
29286,4 6
21937,4 6
16057,6
7088,0
9360,0
1718,4
8058,6
29895,3
16937,4 6
30440,2
12472,0 4 6
9996,2
18946,2 4
10797,0 4
74,2 4
9582,4 6
13019,4 6
6872,9
8362,4 6
4060,4
28419,4 6 7
9561,4
1034,4 9
28184,3 4 6
20823,9
5868,2
8824,6 7
29853,1
14626,4
13126,4 6
9436,0
28365,4 6
10091,6 7
30502,4 6
2339,4 6
13208,0 3
30873,4 6
25921,4 6
6684,3 6
28933,6
17964,0
4787,4 6
4686,4 6
25734,1
30256,0
12904,6
19178,4 6
30374,4 6
28673,7
5094,4 6
14866,4 6
8455,4 6 7
15391,1
21844,9
31026,4 6
5614,3
10975,5 6
15317,3 4 6
18913,6 9
1568,4 6
24303,4 6
16378,4
5120,4 6
5867,4 6
6023,6 9
29530,4 6
15451,4 8
26340,4
29553,0
9887,6
10421,4 6
11086,6
30317,6 7
29645,0
3470,6
27323,4 6
9730,3
20973,4 6
17916,7
23675,0 6
24460,4 6
7870,6 7
3433,3
14298,6
13812,4 6
18309,4 6
2650,4 6
7364,4 6
23474,4 7
6772,5
1547,3
14888,2 6
23763,1 4
29845,3 4 6
14039,6
7671,4 6
27231,4
2505,6
27647,4
30857,0 6
17800,4 6
7143,1 6
745,0
28625,1
26130,4 6
7199,2 4
24717,4 6
5702,0 4
20542,4 6
27446,4 6
24198,4 6
12256,3 4
3764,0 6
17225,3 4
3059,1 3
9637,2 4
17966,4
28812,0
17434,4 6
14841,3
6688,0
11975,6
26199,0 3 4 6
17953,4 6
15091,2
5066,6
23508,4 6
1619,6 7
29123,4
10017,4 6
29361,2 4 6
12045,1 4
18458,0 4
20571,2
11973,4 6
15961,6
18431,6 8
15472,2
27586,3 6
6193,5
9684,4 6
29755,0 6
10998,4 6
5089,6
2300,9
12206,9
20577,4 6
26040,0 2
17445,0 3 6
21869,4 6
29733,0
28840,8
11049,0 6
17920,3 4 6
16401,4 6
12914,2 3 4
20621,3 4
24891,7 9
4421,1 6
16092,2 4
30255,1
13890,9
18282,6
7820,4 6
9872,1
6390,4 6
4183,3 4 6
9861,9
14326,2
4300,4 6
5801,9
11692,6
666,0
4157,6
19666,8
809,9
23776,4 6
28868,7
4483,3 4 6
25886,4 6
6422,9
489,4 6
6575,4
6895,3 4 6
23575,4 6
10190,2
2329,2 4 6
19260,4
17891,0
2118,6
2452,0 6
8841,1
24875,4 6
3345,0
24770,0 6 9
12577,3 4
19072,4 5
20264,9
14311,2
8098,4 6
21108,0 3
1861,6
9107,6
11368,6 7
22065,4 6
19590,3 4 6
17095,1 4
30162,4
24204,4 6
30258,8
5786,4 6
11702,6
1491,4 6
5219,1
14341,0 4
13731,5
17011,0 4 6
9356,3 4 6
23577,5 6
26390,4
30206,3 4
25970,1
28049,6
22568,4 6
14486,4 6
11054,4 6
5926,3 6
17253,4 6
24599,3
8662,3 7
4418,0 4 5 6
11875,2 4
21002,3 4 6
6232,4
4181,4 6
28579,3
3389,3 4 6
29569,6
27367,3 7
13752,2
6373,6
24924,9
21624,3 6
10227,6 7
12584,3 6
24476,0 6
7414,3 7
9010,3 4
6363,1
1014,5
9701,3 4 6
24505,4 6
22951,4 6
23027,6
8869,1 6
371,0
13963,4 6
30011,6
26088,0 6
29187,5
19716,2 6
6155,0
2200,0
9122,6
26861,9
13355,3
917,5
12019,4 6
20659,6
4537,0 4 6
28141,9
2841,6
20200,0 6
8337,6
1548,0 3 4
5599,4 6
20290,1 4
15851,4 6
1219,6
17854,4 6
29109,0
22528,7
191,0 2
16342,0
3469,0 6
24714,4
2751,0 4 6
10003,4 6
2988,4 6
6694,6
22326,3 4 6
5177,3 4
13726,4
24258,4 6
1637,4 6
645,4 6
8906,0 3 4 6
6226,0 6
391,1
7295,2
15473,4 6
30369,4 6 7
11728,1 6
20225,1 4
24325,5
12419,9
16622,0
21443,1
22954,4 9
1759,4 6
25291,0 4
16518,4 6
26386,9
17290,3
15599,0 4 6
19692,6
14848,4
2945,4 6
11880,0
21120,9
1267,1
1117,4 6
24862,6
9822,4
4416,5
23301,4
24826,3 4 6
7637,6
4794,2
9715,0 4 6
10951,6
24218,2 4
25514,4 8
7150,2
23130,4 6
25593,6
2792,3
14055,3 4 6
6272,1
13944,4 6
6932,2 4
14540,3 6
21428,6
29760,0 4
8242,6
25282,5
24235,0 6
29078,6
12876,6 9
26069,4
20318,9
20204,2
11639,6
15709,0 4 9
7628,8
10788,2 4
5343,4 6
6549,4 6
2055,3
21665,4 6
3541,0 3
27431,4 6
6660,1 7
21812,0 4 6
7563,7
26581,4 6
10106,6 8
25688,4 6
14442,6
11734,3
3164,4 6
29806,6
23079,4 6
14506,4 6
27946,3 4 6
23232,6 7
631,7 9
14130,4
25386,6
20070,8
7646,6
30341,4 6
18273,4 6
1344,9
26648,6
17345,4 6
18878,5
16047,0 6
19637,1
26299,4 6
13030,5
2233,0
15879,1
9425,6
21833,6
15083,9
23048,0 4
22105,4 6
10453,6
9171,4 6
19721,4
26122,6
25172,6
25030,3
1900,6
821,6 7
12367,4 6
20179,3
587,4 7
15314,4 6
4610,0 9
23690,4 6 7
25515,3 4 6
14333,0
24200,3 4 6
5452,2 4
30388,0
2366,6
15269,4 6
22704,0 3
20387,0
9165,7
27677,3 4 6
22066,2 4
19664,6
11474,4 6
1758,4 6
24033,6 7
30410,3 6
13795,2
23183,7
13053,2
19985,0 6
27874,4 6
22338,4 6
28140,9
18196,3 6
30935,1 4
1607,4 6
22992,4 6
28692,9
28498,1 4
28731,4 6
30827,3
16700,6
29121,2 4 6
18614,3 4 6
28716,3 6
12243,4 6
28537,3 4 6
16085,6
24368,4 6
29536,4 6
4714,1 4 6
22962,9
10609,3 4
2146,3 4 6
15033,0
12695,2 4
7248,4 6
385,0 4
20928,6
10789,4
27775,1
30660,4 6
1628,2 4 6
6308,6 7
5978,0
30049,4 6
18413,9
1069,1 4 6
13959,3 4 6
24388,6 7
13104,4 6
18668,0 4 6
7102,4
15468,1
4625,6 7
9020,4 6
618,4 6
18386,6
14050,6
25140,6
8690,4 6 7
3230,2 4 6
20386,6
11950,0 3
6543,0 6
1300,0
27845,4 6
681,4 6
17183,1
21237,0 6
11379,4 6
1039,4 6
21671,4 6
30719,4 6
18495,3 4
22462,3 6
10431,6
5353,6
19387,8
15277,8
30796,9
30554,3 6
17047,4 6
22661,3 4 6
24136,8
25826,4 6
23295,1
14313,6
1952,4 6
12281,4
14317,3 6
29233,4 6
11425,4 6
1387,4 6
23547,1 4 6
10680,4 6
22597,4
22339,6
17549,6
19671,2 4
26737,3 6 7
24324,4 6
23226,6 7
10301,4 6
15705,3 6
29722,0 2 3 4 6
4449,2 6
3740,4
4592,6
8380,4 6
20028,4
3380,1 4
7260,0 6
1375,4 6
333,0 3
19628,4 6 7
7314,3 4 6
26018,6
23056,0 6
29994,9
30309,4 7
24691,3 4 6
22762,4
21683,3 4 6
21976,0
17109,0
5788,4 6
19335,6
12272,3 4 6
1816,6
5997,2 4 6
29623,4 6
29461,4
26763,4 6
17612,1 4 6
15796,3 4 6
1969,4
10579,6
11878,4 6
17514,4 6
4773,0 6
28415,4 6
18409,6
5007,9
23109,4 6
18397,2
4050,4 6
9868,0 2
16533,3 4 6
22964,4 6
23199,4 6
26911,4 6
18310,3 4 6
11823,1
6356,0 4 6
19884,0 6
25825,4 6
20277,4 6
19133,4 6
22636,1
8170,4
22898,7
33,6
8525,1 4
30728,9
293,6
2745,4
5250,6
2479,4 6
1977,2 4
2940,4 6
26768,6
26656,3 6
20477,6
3282,3
27577,0 3 6
24212,4 6
1919,4 6
29135,4
30267,5
9940,4
24110,6
17375,9
30421,4 6
29506,2 6
28841,0 6
12259,7
362,6
18725,0 6
6441,6 8
25614,3 4
4202,4 6
11976,4
20180,7
4288,0 4
20253,4 7
29678,0
21386,6
478,2
4305,4 6
7978,6 7
29260,5
6799,0 6
16690,0 1 6
23705,6
14278,9
630,9
19044,4 9
17418,7
21446,0
12044,6
5697,6
8494,3 4
5958,4 6
30805,0
10644,0 4 6
23581,4
15456,6
20489,4 6
24206,4 6
4127,4 6
7132,4 6
1528,4 6
28964,4 6
1161,3 4 6
11020,0
6763,4 6
9437,4 6
8985,4
15291,1
30755,0
18042,4 6
7469,0 6
9014,4
21715,0 4
30567,4
8493,4 6
19315,4 6
8905,9
19748,0 4 6
22315,6
23362,4
3788,4 6
17409,3
17442,3
18987,9
28100,3
28218,7
25141,7
17651,4 6
25524,4 6
10686,4
21268,4 6
19987,4 6
5064,0 4
17701,6 9
29273,4 7
23742,1
8224,2
22216,1 3
1435,0 6
22164,0 4
25551,4 6
18123,4 6
9885,9
21750,3 4 6
13529,5
27895,4 6 7
25390,4
9185,4 6
27091,6
3085,6
23980,0
7861,6
1828,5
9857,6
7390,4 6
3576,4 5
1001,4 6
9692,3
4058,1 4 6 7
19742,3 4
1456,7
30768,6
23375,3 4 6
27400,6
16061,4
11259,4
21743,4
7270,4 6
19059,8
18928,4 6
30248,1 4
21840,5
27931,4 6
8695,7
15350,6
12569,4 6
9984,4 6
9530,3 4 6
23863,1
19190,0 3 6
7034,0
4278,3
28784,3 6
2315,4 6
24720,4 6
24817,4 6
22538,4 6
9794,4 6
748,4
29074,4 6
13029,6
30323,3
29878,1
13081,3
1393,4 6
11465,4 6
21536,4 6
20140,4 6
7782,4 6
5980,0 6
13998,6
8617,4 6
3307,4 6
13957,0
27130,4 6
14973,9
27978,4
30386,2 4 6
12209,4
24521,2 6
7041,4 6
11578,4 6
8583,3 4 6
10799,5 6
15098,4 6
25706,6
10699,3 4 6
15826,9
20752,9
25477,4 6
18056,3 6
16547,0
17594,4
26800,4 6
12648,0 6
24066,6
13564,6 7
11269,2
29412,4
7496,1
5805,3 4 6
38,4 6
21256,4
4624,1 4
19604,4
3696,4
1481,1
7368,4 5
6186,4 6
10315,6 7
25471,2
20448,4 6
4136,0 6
16522,6
14245,1 4
23767,4 6
12831,4 6
2349,6
11799,1 6
16455,4 6
19819,0
6035,7
24288,6 7
2144,4 6
16526,4 6 7
5884,1 4
21400,4
24252,4 6
8104,4 6
2736,9
17473,4 6
662,3 4 6
28653,3 4 6
2443,0 4 6
1313,8
17931,9
18496,6
20035,4 6
29179,4
1570,2 4
15505,3 4 6
1214,3 4
23062,0 6
26801,0 4 6
27430,6
3997,2
5736,1 6
23111,1
10727,6
4488,4 6
16005,4
24867,4 6 7
8186,5 6
30910,1 4 6
3439,0 6
11277,4
20958,0 4 6
19893,0 6
10176,6
19461,9
21286,4 6
7209,9
25034,0
7661,4
16857,4
23898,3 6
4172,3
8720,5
1446,6
1993,3 4 6
730,2 6
28093,9
24381,8
27438,4
22958,6
4493,0
22330,0
12589,6
14962,3
17512,3 4 6
30426,3 6
26610,4 6
23620,0 4 6
8533,4
8954,2
8723,4
4159,6 9
16924,1
17240,4 6
20478,4 6
4590,0 6
10776,3 4 6
26163,4
13986,4 6
20066,4 6
16898,4 6
25903,0 4 6
17567,4 6
19259,6
1292,7
3924,2 4 6
13942,6 8
17331,9
19782,6
16514,4 6
30131,6
29891,4 6
8595,3 4 6
26233,6
16409,3
3097,4 6
26139,4 6
1782,4 6
18293,0 4 6
754,1 4
29955,4 5
30365,4
10209,2 6 7
25864,1
27820,3 4
25711,0 4 6
28594,4 6
6002,0
19585,0
22853,2
20871,4
16683,7
9474,4 6
4409,1 4
5685,1 6
7402,4
8444,4 6
22370,4 6
8722,6
18071,2
25646,4
29008,3
3742,3 4 6
13603,6 7
16135,0 6
3876,2
17592,6 7
1711,7
4986,4 6
28976,6
17719,9
27481,0 5
27765,6
10627,3 6
6294,6
25411,4
29372,0 6
6781,4 6
25097,4 6
26517,3 4 6
6251,6
13261,4 6
15048,2 4
23827,4
22040,0 3 6
20340,0
23847,4 6
23893,0 4 6
24688,0
29092,3 4 6
22849,3 4 6 7
6417,3
24866,3
29545,4 7
18305,7
18088,3 4 6
6827,4 6
9821,4 6
26143,6
24390,0 4 6
22814,9
26333,3 6
1678,8
23599,2 4 6
7298,6
20705,6 9
27603,4 6
19991,4 6
24246,4 6
20657,6
17581,4 6
2979,0
17303,0 6
21213,6
3443,4
26490,6
8402,0 4 6
29325,4 6
5857,0
19970,4 6
4829,4 6 7
12827,4 6
5262,4 6
22857,3
26150,4
12064,4 6
24273,4 6
15378,0
2546,4 6
4426,0 4 6
10476,0
1795,0
20401,0 2
28486,6
29052,6
16714,4 6
21690,0 4
11533,1
26922,4 6
10743,6 9
1571,9
27509,4
6104,0
8902,4 5
3620,6
9654,4 6
5155,4 6
21301,2 4
15123,0
17353,2 4 6
6080,4 6
26059,4 6 7
16679,3 4 6
97,4
23632,0 2
983,6
1946,3
25447,9
4017,3 4
3728,1 4
3140,9
6152,2 4 6
15640,0 4 6
5659,1
14696,1
4546,6
22623,4 6
2,3 6
10004,4 6
4456,1
14774,4 6 7
19911,4 6
19923,5
19427,2 4
18414,2 4 6
24705,4
3158,8
25913,0 4 6
27517,1
19897,2
28176,3
13938,1 4
28637,3 4
9859,8
12416,4
21104,0 3
7271,1 6
3572,6
20552,6 9
25107,3
19432,6
12999,4 6
14828,4 6
2684,5
16281,2 4
27701,4 7
2267,4 6
16958,9
20937,6 7
10581,3 6
14217,3
13885,0 3
25351,3 4 6
5510,9
20797,4 6
13525,4 6
3730,4 6
19232,0 4 6
66,3 4
12339,4 6 7
26701,0 3
13201,1
6076,4 5 6
8059,6
14809,4 5
28578,4 6
30196,6 9
10211,4 6
15907,4 6
7642,4 6
17574,4 6
28606,4
19321,4 6
19165,7
19031,5 6
18794,3 4 6
8965,4 6
12912,3
27957,2
21191,0 6
29152,4 6
21956,0 4 6
3953,3 6
11174,0 4
11901,6 9
2618,5
5606,6 9
25365,4 6
993,4 6
24920,1 4
5592,3 4 6
16654,4
28295,7
12207,4 6
12347,6
30344,4 6
26532,2 4 6
3244,3 6
16022,3 4
5063,4 6
3248,5
13857,0
11670,0 4 6 7
7694,5
11495,6
10507,6
18599,2 4
8795,5
6025,0
10271,6
275,0 4 7
30434,4 6
24328,0
5402,6 7
15084,0
20723,4 6
23700,6 7
10007,3 6
27161,9
7095,0
13750,4 6
17607,1
29936,4 6
9543,6
26769,3 4 6
20127,4
24171,6
2932,4 6
21730,4
9364,8
30084,3 4 6
11390,0
22503,0 4
10055,4 6
16663,3 4 6
115,2
3771,3 6
5680,4 6
4001,4 6
30585,6
26113,3 6
14148,2
28325,3 6
28008,0 6
30881,4 6
26903,6
17614,4 6 7
25268,0 4 6
18616,5
18611,4
28328,0
3595,4 6
15835,3 6
19888,1
22319,4 6
11237,4
9170,3 4 6
27120,9
8218,6
17078,6
14076,3 6
16997,2
10512,7
17787,9
8911,3
22368,4 6 7
6377,2 4 6
11247,0 4
24342,6
6783,3
12972,4 6
17690,1 4
6650,6
11502,4
9586,6
6317,0
17799,4 6
1195,0 6
16972,3 4 6
1428,4 6
14858,4 6
9009,4 6 7
26570,9
23661,4 6
19399,4 6
8177,4 6
22642,6 7
23067,3 4
9970,3 4 6
13313,2
20977,4 6
11689,0
8514,9
9141,4 6
30963,4
3506,6 8
9644,0 6
9602,0
2528,3 4 6
29124,4 6
5281,0
30888,1
13499,6
10258,3 4
3677,4 6 9
4135,2 4
13402,4 6
298,3 6
1729,4 6
1196,4 6
13089,4 5
16408,4 6
133,4 6
21030,4 6
6747,0 4 6
18553,1 4
23162,4 7
25794,4 6
5772,6
7955,2
19720,3
21040,2 4
24432,2 3 4 6
17789,4 6
21983,2
310,1 4
26454,6
11248,3 6
2907,1
29077,4 6
19382,4 6
13800,4 6
15496,5
25168,1 6
12866,4 6
11762,4 6
140,0 6
8413,6
12105,2 4 6
14425,6 7
3004,0
1055,1 4 6
22044,3 6
20993,6
1230,0 3 4 6
231,4 5
24052,4 6
9405,3
6045,8
21534,1
21635,0 6
15881,4 6
23330,1 4
23548,6
11499,5 6
29248,3 4
3350,3 4 6
11484,4 6
25120,7
22002,1 4
9409,4
22452,8
17921,2 4
15891,2
14491,0
21797,2 4 6
13539,1 6
3160,4 6
21970,3
12642,0
14042,6
30075,3 4 6
7214,4 6
26631,6
19121,3
8102,4 6
4367,4 6
18404,4 6
23151,4
23212,8
27731,3 4
24201,6 7
23971,0 6
12024,6
10624,3 6
2222,0
7638,1
15016,4 6
1445,4 6
24723,4 6
17053,9
25156,4 6
25274,2 6
22745,7
250,4
5827,0
9204,3
23447,5
9037,1
20572,6 7
22529,3
24738,0 6
29022,4 6
19150,2 6
22199,2 3
19329,4 6
5528,3
19967,4
3602,6 9
13769,6 9
12821,4 6
14649,4 6
28705,4
1975,4 6
56,4 6
15126,2
22906,9
5398,1
9707,2 4 6
19071,0 4
22502,6
20458,4 6
27363,0
2257,0 6
11826,0
21882,2 6
15914,2 4
1967,4 6
30045,2 4 6
22362,0 4 6
27711,1
11418,1 4 6
1099,0 3 4 6
9102,4 6
932,6
12219,4 6 7
13085,0 4 6 7
17968,0
2678,6
13531,4
13057,4 6
24537,4 9
10540,2 4
9807,4 6 7
8324,6
27712,9
29063,4
28195,4 6
17583,0
19363,4 7
26468,7
5712,0 4
23388,0 4 6
12862,4
7278,4
11057,6 7
26927,4 6
6788,5
2154,8
14967,4 6
24606,2 6
16439,6
13428,6
23935,1
4665,4 6
20721,2
19211,8
17713,0 4 6
6460,0
28453,2
23153,1
24383,3 4 6
8225,5
29642,4 6
2469,4
28169,3
24477,4 6
6007,3 4 6
27452,4 6
1559,4
1095,6
8671,3 4 6
18789,2
5242,4 6
15977,3 6
12338,4 6
6990,0
15254,0 2 4 6
4299,4
20220,4 6
12923,1
23793,1 4
21558,4
13662,1
8750,3
17760,5
18321,2 4
16584,4 6
28435,4 6
1354,5 6
3260,9
10182,4 6
10872,7
23900,9
19930,0
18973,0
24789,7
6229,6
9883,0 2 3 6
29610,0 4 6
20636,4 6
13711,3
18508,4 6
11299,0 3 4 6
4168,4
22747,0 3
20431,4 6
13743,1 6
3360,4 6
26720,4 6
29592,2 4 6
15700,0 4
26393,3
21064,4 6
23625,8
6110,4 6
22776,1 4
11777,4 6
14874,6
784,4
24074,9
17637,6
30628,3 4 6
21294,0 6
8205,4 5 6
24986,1
21060,4 6
23147,4 6
8409,3 4 6
25548,8
23286,4 6
30252,3
13039,2 6
22332,4 6
16902,0 4 6
6551,3
3888,9
3590,1 4 6
21370,1
15772,5
6227,1
6593,5 6
27538,4 6
4196,1 6
6015,4 6
1220,3 4 6
30951,4 6
15463,0
7354,6
27840,4
11994,6
29751,4 6
29040,6 7
14228,9
1074,4 6
29499,3 6
27983,4 6
5090,6
27605,6
10457,0
4097,6
10850,3
8167,4 6
20485,4 6
1052,2 6
17906,4 6
18541,4 6
9189,6
664,4 6
19814,0
9480,6
25762,4 6
6663,5
13997,6
19478,4
18877,1
19835,2 3 4
4993,4 6
3523,4 6
19130,0 4 6
29728,5
23281,3 4
23224,4 6
18907,4 6
4932,3
16775,7
28014,0 4
11005,4
8727,4 6
900,3
15239,0 4
24946,3 6
20832,4 6 9
4164,4
3451,1 4 6
21062,4 6
28144,0 3 4 6
13534,1
30994,4 6
25656,4 6
18468,0 4 6
6197,6 7
10110,4 6
25661,1 4
453,6 9
26511,6
14657,3 4
15787,0 1
5113,0
19803,6
19143,4 5
740,8
10400,0 6
7446,4 6
18654,4 6
14239,4 6
5908,6 7
17471,3
10354,6
19975,6
12846,2 4
12793,4 6
24979,5
5386,3
19603,7
15537,4 6
27941,3 6
14899,0 6
3528,9
8524,4 6
6383,3 6
19705,4 6
228,7
10726,4
20402,3 4
195,7
12294,4 6
15931,4 6
20909,4 6
22561,6
12203,6
2026,4 6
23771,0 6
28183,6
16261,4 6
17349,3
1686,6
25527,1 3 6
4501,4
6749,4 6
30826,6 7
28575,6 7
10175,2 3 4 6
16404,6 8
28813,4 6
2001,6
29477,0
2486,4 6
31028,6
6058,0 4
29105,4 6
26012,0 4 6
29899,3
17774,6 9
8618,4 6
27311,4 6
7403,4
14529,7
7718,1
4831,4 6
10081,9
13491,3 4 6
1279,0 6
11096,4 6
30775,6 7
18297,2 6
11489,1 6
20854,6
7023,4 6
4705,4 6
15927,4
21951,4 6
25721,6
28203,6
13309,2 6
20150,9
800,2 4 6
18379,4 6
28722,4
24747,4 6
11141,1
28761,0 4
26518,0
11383,4 6
2679,5
20712,4 6
28057,0 4
2809,4
14570,6
12658,4
24731,8
25509,4 6
16962,2 4 6
4893,0 4 6
12106,4
6522,2 3 4
29056,4 6
21129,4
17227,9
25780,0
17174,4 6
28942,5
30683,1 6
2247,2 4 6
27593,7
12764,1
2211,4 6
46,0 6
2514,0
11597,9
12657,2
6801,4 6
18277,4 6
28389,4 6
7120,0 4
29657,4
14001,0 4 6
17487,2
25466,7
8975,4 6
21421,4 6
19836,3 4
25778,0
14919,4 6 9
30141,4
24727,2 4 6
22497,3 4
16241,4 6 7
16276,0
13163,0
1248,2 4
9673,4 6
15793,4 6
18847,9
18775,6
9369,3 4 6
27217,4 6
10734,3 4 6
24510,9
23270,0 6
26586,4 6
7665,4
3588,6
17727,4 6
4521,4 6
16620,4 6 7
11660,3 6
10266,4 6
4334,4 6
20981,4 6
18020,4 6
16670,6 7
25366,4 6
29694,4 6
21497,6
1398,6
20475,4 5
27233,3 6
5384,0
19992,2
9514,0
21582,7
29612,4
10470,6
26564,4 6 9
18774,2 6
22246,7
8469,4
16861,6 7
8319,3 4 6
21739,4 6
16943,0 4
27805,4 6
20434,0 3
18109,4 6
2228,0
12939,9
8440,3 4 6
18451,4 6
28256,4 6 7
9777,4 6
9244,4 6
31065,5
21106,9
20934,0 4
25285,4 6
19964,9
23390,4
15525,4 6
5307,8
7996,7
888,4 6
9012,0 4 6
6295,4 6
12601,4 6
22159,6 7
24696,2
10934,4 6
17630,2
24726,4
12815,2 4 6
29785,6
17027,4 6
28767,4 6
5173,6
1169,4 6
30655,0 4 6
19849,4 6
24234,0 2 6
7445,4 6
4515,4 6
18748,4 6
27119,9
16036,4 6
15804,4 6
7341,4 6
21348,3 4
26902,3 4 6
593,4 6
24301,4 9
12235,9
16389,0
5461,2 4
26024,4 6
16191,2
29316,4
13293,4
13427,6
24587,9
21733,4 6
18415,0 6
20744,4 6
29034,4
23039,6
25330,2 4
12652,2
15200,3 4
2128,4 6
13926,3
13886,4 7
23595,4 6
4730,4 6
27816,4 6
23095,4
24990,4 6
1197,4
18683,2 4
11634,0 6
6970,4 6
2766,1
15077,4 6
16615,4 6
19318,4 6
28552,9
2140,4 6
29236,4 6
25491,0
16328,3 6
3970,6
12179,4 6
21646,6
15418,4 6
367,7
19210,4
15282,1
30657,0 6
18139,4 6
23729,4 5
26119,3 4 6
3601,3
16854,0 9
13105,6
10425,2 4
23910,3 4 6
18024,4 6
12318,4 6
10,6
2027,0
8068,4 6
8947,4 5
20440,4 6
14819,4 6
8958,9
15533,4 6
22205,0 4 6
16981,4 7
1131,4 6
13775,6
4154,8
18562,4 6
8553,4 6
20364,7
332,1 6
20947,4 6
17254,4 6
10441,6 9
8029,2 4 6
19456,6 7
18008,6
14254,3 4 6
12795,7
15227,4
4921,1
12968,6
17827,3 4
11151,4
21486,4 6 7
1159,0 2 4
23861,4 6
1228,1 7
11230,4 6
4486,0 4
17666,0
11922,4 6
24281,3 4
5991,4
14080,4 6
3681,4
3649,1 4
11822,4 6
24949,6
10375,1
18084,0 2 4 6
11093,4 6
10502,3
26696,4 6
1265,4 6
24049,0
19560,4 6
29049,4 8
6759,9
502,3 4 6
13851,8
7893,4
18765,4 6 7
9381,6
20008,6
29591,6 7
29736,6
2904,0 6
22476,3 4 6
18870,4 6
19048,0 3 6
15392,2 4
25525,0
11058,1 4
20624,0
6378,0 6
12380,4 6
16777,3 6
23646,0 4 6
1591,3 6
15588,4 6 7
2963,4
24939,5
8349,6 7
1750,4 6
3692,0 4 6
30110,4 6
30607,0 4 6
14296,3 4
8932,5
12820,4 6
8651,9
2755,4 6
25624,4 6
2448,4 7
528,4 6
28580,8
556,3 4 6
12630,4 9
10070,3
30009,8
697,6
27312,0 6
1825,7
17045,6 7
10387,4 6
10463,4 6
3385,7
22778,4 6 7
26590,6
13236,0 3 6
6900,9
18202,4 6
11286,0 3
3787,7
10146,5
6993,0 4 6
27678,0
5560,4 6
5164,9
30261,3 6
5603,4 5
11278,4 6
6620,3 4 6
14091,0
27483,6
23549,4 6
2352,4 6
1048,4 6
25304,6 7
12725,2 6
5668,4 6
23146,4 6
13815,1 4 6
10294,4 6
20265,4 6
5359,4
6130,3 4
20081,0 4
5504,2 4
12195,4 6
21430,4 6
18135,4
18371,4 6
12056,4
9111,4 5
25445,6
2226,3
2003,4 6
22527,4 6
19291,4 6
27515,0
30443,6
21600,2
3818,0 6
27316,0 6
17384,1
8652,4
17456,4 6
18208,0 4
27293,0
20105,9
10697,2 4 6
18503,3 4 6
10640,6 7
20262,1
14010,4 6
8770,6 7
17686,4 6
11271,4 6
31021,6
23884,3 4 6
6135,6
27076,9
6431,0 6
16225,6
27702,6
27195,4 6
9590,3 6
25643,0 6 7
7012,2
27251,2 4
5838,4 6
20889,6
26295,0 6 7
18360,1
19703,6 7
18674,3 4 6
30092,0
28042,3 4 6
24849,6
12879,9
5582,6
22084,2 4
10503,2 4
12611,2
29504,1 6
3779,3 4 5 6
118,4 6
28829,4
24306,1
28687,3 4 6
4158,4 6
9431,4 6
22594,4
30318,7
2912,2 6
21943,2
30106,2
4431,5
6652,3 6
7691,3
18288,9
11534,4
5144,6
16134,6
6909,7 9
28017,1 4
18031,7
28863,0 4
14324,5
26427,4 6
20281,6 7
20219,2
7083,1 4 6
6817,4 6
19751,4 6
7283,4 6 8
1489,0 4 6
5807,4 6 9
27524,4 6
6644,4
6856,1 3
6420,4 6
4162,9
21507,3 4 6
15715,1 4
11832,4
20821,4
18805,5
29566,4 6
6860,4 6
4723,5
25585,3
27122,2
16543,2 6
7592,1 4
7084,6
23289,4 6
23990,4 6 8
26836,1
29190,7
30914,2 4 6
24142,8
2079,6
10049,0 4 6
10204,0
9739,6
21697,4
15758,4
28384,4 6
4721,1
11965,2 6
22404,2 4
1449,4 6
23673,1 4 5
7987,4 6
21997,4 6
15779,4 6
8560,0
22717,4 6
23302,4 6
23601,2 4
3118,0 3
9139,6 8
3960,4 6
29798,4
27021,3 4 6
18393,4 6
10910,3 6
29227,3
21406,0
9922,3 4
7819,4 6
4232,3 6
3784,4 7
6792,3 4
8948,4
21163,6
9080,6
27485,4 6
10926,3 4 6
28814,4 6
14084,4 6
13430,2
12231,3 4
16536,4 6
22247,1
9403,4 6
27270,2 3 4
10755,4 5 6
27030,0
15008,0
13503,4 6
6726,0
14307,4 6
21407,4 6
205,6
17084,0
27598,4 6
28890,0
11339,5
9864,4 6
18163,4 6
22902,6 7
25529,0
27002,6
26556,4 6
18229,0 3 6
23926,2 3
5194,4
22656,4 6
28381,6 7
20349,3
13195,0 4
27283,4 9
11159,2 4
13246,3
2981,6 7
17600,0
5210,4 6
9092,4 6
20428,0
11516,4 6 7
843,6
15301,0
7970,4
24462,3 4
30193,9
17869,0
882,1
1274,4
8653,4 6
19219,4
17097,0
13544,4
20568,4 6
10100,4 6
23991,0 4 6
13275,3 4
5133,6 7
26414,4 6
9307,6
9112,3
1378,2 6
11062,6
14811,4 6
6803,5
26264,4 6
7014,2 3 4
10882,4 6
18865,9
8774,4 6
24947,0 4
22799,9
13243,4 6
13552,3 6
16851,0
24978,4 6
18270,6
1523,3
10819,4 6 7
30876,0 3 6
23641,6
4378,4 6
22820,0
20578,4 6
29196,5
29181,0 4
4108,4 6
14726,4 6
14908,0 2
5355,6
16312,2 4 6
27909,4 6
26179,2 4
29314,4 6
22592,4
11845,4
25015,7
25032,6
29532,4 6
3756,0
20750,6
1741,1 7
31005,8
19075,4 6 7
24669,3
3517,9
4211,4 6
30074,9
7839,6
9931,3 4 6
6118,4 6
1734,2
1125,4
16655,4 6
29157,0 5
12467,4
7993,3
22460,0 3 4 6
20696,4 6
3170,0 4
750,1
25395,6
2491,4 6
26275,0 4 6
24015,6
29871,6
3665,2
29446,0 4 6
4570,0
30336,0 6
6332,4 6
7505,9
6492,4 6
9930,4 6
21357,7
3673,4
23669,3
28436,7
4982,5
9912,0
28289,6
529,4 6
5015,3 4 6
20989,4 7
8859,0 3
8004,0 4 6 7
16841,4 6
670,0 6
4184,4 7
659,3 6
7569,6
401,3 6
17054,0
8457,1 4
19067,3 4 6
22937,4 6
27703,6
26196,0
19106,4
24985,9
9035,4 6
16102,4 6 7
4179,0 4 6
26429,3 4
22940,0 2 3 4 6
30760,0
19115,8
15361,4 6
27858,5
12863,6
28476,2 4 6
26155,5
21155,4 6
6992,4 6
1439,4
9704,4
18364,1
15025,8
27783,0
9927,1
18502,0
15416,4 6
7748,6 7
14508,9
13457,0 3 4 6
29844,3
18477,6
25668,0
17283,0 3 6
20594,0 6
21425,0 4 6
11793,0 4 6
30944,3
20654,4 6
17593,2 4 6
5762,2 6
14441,3 6 7
28127,4 6
28078,4 6
25866,3 4 6
15483,6
6658,1 6
1175,3 5
11091,0 2
9332,9
15939,4 6
3041,4 6
23441,0 6
19538,7
5953,0
17792,9
10423,4 6
479,5
16397,6
29775,5 6
15377,6
26827,4 6
7698,6 9
8747,4 6
5796,8
28776,6 7
10459,3 4 6
15258,0
28002,4 6
23836,6
25369,4 6
2332,3
8764,6
7380,3 6
1522,1
14617,4
2560,6
7027,9
28745,5
4441,4 6
30680,0 6
19764,3 6
30132,4 6
8486,0 3 4 6
23110,3 4 6
26405,4 6
2442,4 6
8162,4 6
27915,3 4 6
11422,4
27969,3 6
25823,4 6
571,4 6
16749,4 6
9658,0
21427,4 6
4191,0 4 6
10713,4
24416,4 6
20830,7
5917,4 6
7140,0 6
19971,8
13473,6
5378,2 4 6
5574,4 6
18471,4
27487,1 4
15923,1 4
9309,6
25204,6 9
1370,4 6
11707,3 6
13537,2
12354,4
23417,0
23250,3 4 6
21316,4 6
2475,4 6
3732,6
17459,4 6
22751,0 4
4264,3
10622,1 4
1380,6
20157,4 6
24797,0 4 6
16716,2 4
763,3 6
25352,4 6
11812,3 6
27689,6
18156,4 6
14593,4 6
24014,5 6
11569,6
7476,6 7
29020,4
6075,4 6
7790,6
17039,6
19777,4 6
8082,2 4
6921,4 6
5413,3 4 6
16480,6 9
5390,3 9
4856,6
25766,6 7
29451,3 4 6
21287,2 4
21031,4 6
30902,4
21026,0
8432,1 4
14474,6
11321,4 6
20785,2 4
26048,3
13692,4 6
6857,4 6
25495,4 6
21262,0
5273,0 4
19800,4
26388,4 6
21318,1 5
29702,0 6
13213,6
20550,6 9
9745,1
491,0 4 6
15055,3 4 6
21936,0
16791,8
8052,3 6
16577,4 6
12867,3
2838,6
26703,4 6
29296,4 6
5043,4 9
22651,1
8638,4 6
3896,9
16484,0 6
26045,4 6
27224,3 6
899,3 4 6
11014,2 4
760,4 6
16942,4 6
21655,4 6
7232,4 6
5672,7
4138,7
5748,2 4
14099,6
5077,4 6
16628,0 6
17954,4 6
21580,6
13715,1 6
16521,3 4 6
4040,0
19845,4 6
25079,6
26444,4 6
19437,4
23023,4 6
28349,3 4 6
12734,4 7
20825,0 4 6
10746,4 6
3366,4 6
10252,6
29711,6
5834,2 4
26148,4 6
5450,1
24525,1
23888,9
7553,4 6
13993,2 4
27904,6
28928,4
9422,1
3826,1 6
13331,0 4 6
29335,4
25841,3 9
2884,6
15833,4 6
28272,6
20738,6 7
24969,5
22955,5
5919,2 4
3752,6
7621,5
24299,6
26766,0
13899,0 4 6
27825,4 6
21875,4 6
26061,4 6
3489,2 4 6
22337,5
23479,0 4 6
16886,6
27839,0 6
3501,4 6
3018,6
29006,0 4
10231,4 5 6
10637,0 9
25367,4 6
25231,6
26279,4 6
21820,3 4
15660,5
1345,4 6
24908,3 4
24856,0
30725,7
10120,4 6
24761,4 6
19252,5
28213,0 6
18896,4 6
12039,6
11831,5
19063,4
29565,3
2386,1 3 4
18296,4 6
2351,0 4
10830,4 5
16621,4 6
24837,0 6
9237,6
27626,4 6
22737,4 6
5999,4 6
4758,8
26595,4 6
25354,3 4 6
9444,6 7
8331,6
24701,4 6
16149,3 4
25131,5
29867,0
8400,2 4 6
12930,4 6
9541,3 4 6
27255,6
10184,6
28263,4 6
4402,6 7
3095,2 4
7257,5
10363,4 6
13943,3 4 6
8306,4 6
5319,2 4 6
3229,7
29252,6
30950,4 7
5661,7
27055,4 7
27070,3 4 6
12153,4
3240,0 3 6
27423,0 3 4
6784,1
1664,6
18359,4 6
24408,4 6
3973,5
19295,0 6
22987,0 4
30066,6
24948,0 4
11047,0 4
27332,4 6
4285,6
20585,4 6
10618,3 4
518,4 6
17068,6
8097,6 7
18872,2
26736,9
2586,4 6
6039,9
21897,0
17058,4 6
4229,0 2
31036,1
12053,0
29245,4 6
922,4 6
26025,0 6
15110,4 6
3375,5
2509,4 6
17239,3 4 6
11936,6
6161,6
13621,0
10191,6
4023,4 6 7
30847,4 6
10586,7
29149,4 6 9
24840,3 6
9700,3
26540,2
1070,5
28369,4 6
22352,4 6
10062,8
27143,4
2721,4 6
26154,0 6
11035,3 4 6
16490,9
13338,4
21462,2
30494,2
21452,4 6 7
26046,1 4 7
3190,6
7186,4
26042,4 6
26283,6
28170,0 4 6
251,6 9
17424,4 6
21599,3
4105,4 6
25202,4 6
16107,6 9
7789,4 6
10339,4 6
9917,4 6
2570,4 9
14895,6
27822,3 6
22574,6
20579,4 6
15189,3 6
25157,3 6
17142,0 3 4 6
8229,9
25417,4 6
12819,3 6
19311,1
26181,4 6
21938,2 6
15539,9
22057,4
20960,4 6
7142,6 7
17767,9
25760,4
21504,2 4
19618,1
30872,6
5639,2 4
9569,3
1075,4 6
11510,3
3966,4
7579,6
22524,6
15774,3 6
11112,4 9
13522,9
16169,7
7595,4 6
5583,0 4
29783,6
382,4 6
27871,4
16037,4 6
2457,4 6
12225,6
8890,9
30812,1
2012,9
19699,4 7
2587,0 4 6
1041,2
22418,0
3161,4 6
28360,4 6
18689,6
12565,2 6
29401,6
7303,0
25039,4 6
1764,0 2 4
7962,9
20684,5
20649,4 6
15549,6
21676,5
17496,4
2812,6
15766,4 6
18148,1
1390,9
12309,4 6
2141,4 6
29224,0 2
28894,4 6
15757,6
24629,6
2880,4 6
8629,0 6
5880,6
29288,0 6
1162,4 6
9555,3 4 6
24864,1
30874,4
1160,4 6
17838,4
2336,6
12571,4
10724,6
16454,6 7
2279,4 6
27614,3 4
3225,4 6
1482,0
6851,0 1
25163,4
1871,0 3 4 6
1867,3
1717,6
12965,9
28268,0
17643,3 4 6
12699,2 4 6
4545,0
15142,6 9
13035,3 4 6 7
19831,3 4 6
17862,4 6
19243,4 6
3617,4 6
17707,0 3 6
15294,4 6
23268,4 6 7
25694,4 6
25702,9
15918,4 6
3255,4 6
12680,0
16348,4 6
20563,6
24133,4 6
30018,4 6
30782,3 4
4338,4 6
6374,0 6
1294,6
2354,4 6
8138,1 4
27589,6
9945,4 6
15940,4 6
26151,4 6
24661,4 6
4404,4 6
28836,4
17260,2 4 6
27184,6
12466,0 4 6
29396,0
19973,6
1151,3 4 6
8311,0
12066,4 6
20961,4 6
21410,3 6
19448,3 4 6
22176,4 6
25739,6
2210,4 6
4460,4 6
5294,1
24829,0
15839,3
26503,0 2 6
19370,1 4
9916,3 6
22207,4
12903,4 6
11835,2 4
22210,6
21953,9
28875,0 2 6 7
25662,3 4 6
11857,4 6
3005,4 6
4343,6 7
7900,4
15925,6
4188,6
26310,0 4 6
7597,3 4
23654,9
89,2
25023,4 6
26506,9
25267,4 6
21556,0 5
28239,1 4
2068,0 6
18130,4 6
15836,8
21232,4
25628,0 4 6
5737,7
5257,4 6
20995,4 6
9156,6 9
23921,9
18029,4
14040,4 6 7
11400,8
16722,4
26504,0 2
3421,0 4 6
24385,3 4 6
3532,4 6
1673,4 6
19947,7
11427,4 6
7051,4 6
6568,4 6
26178,4
17309,3 6 9
26287,1
18258,4 9
29151,4 6 7
25060,0 4 6
26789,2 4
15894,3 4 6 7
22233,4
24327,4 6
19073,4 6
5324,0
1926,4 6 7
17857,4 6
21202,2 4
12870,4 6
30983,5
10611,1 4
19863,4
20918,3 4
26023,4
3974,3 4 6
23801,4 7
2398,6 9
1372,0
25005,3
19669,1
26247,4 6
26636,6
12508,0 3 6
24968,4
7312,4 7
1939,3 4 6
15143,4
8071,0 4
20515,5
8580,4 6
14824,6
22390,6 7
24233,6 7
22489,6 8
15713,4 6
20275,6
1858,9
20055,4 6
10041,7
13489,6
14737,4 6
17033,0 6 7
23204,6
12705,4 6
4140,4 6
3606,6 8
16539,4
24391,2 6
8989,2
12946,6
4891,3 4 6
26879,9
27200,4
8866,3
22925,4 6
156,4 6
269,9
22375,4 6
30790,4 7
7070,4 6
16946,4 6
2830,2 4
16286,1 6
18661,9
6657,7
13326,8
4247,6
20769,5 6
5745,1
25937,0 6
30767,4 5 6
2641,4 6
30887,3 6
17233,4 6
7091,9
28766,4
30077,5 6
11888,9
9690,0
12076,3 4 6
22882,6
690,4 6
3807,4 6
5119,6
30984,0 6
24210,4 6
29622,4 6
23202,0 2
9776,4 6
9131,4 6
29931,4 6
7269,5
8463,4 6
23664,1 4 6
17073,4 6
26077,9
10405,0 3 4 6
4107,0 4 6
17840,4 6
13157,4
26371,4 6
15186,4 6
10961,7
24163,6
4759,2 4 6
4608,8
28125,8
29106,8
22481,8
1178,3 4 6
26571,4 6
6061,3 4
10026,4 6
6093,3 4
2453,6
8817,6
3553,4
29169,4 6
28092,3
24334,1 4 6
28930,6
24365,4 6
13762,8
29295,6 7
7721,2 4 6
21618,7
16911,6
22896,2
8130,6
9013,6 7
19124,6 9
12877,6
4615,3 6
21083,4 6
23164,6 7
16872,2 4
25993,6
2483,8
11485,4 6
9723,4 6
4938,2 4
15280,2
3640,0
15790,8
29206,5
13838,4
3701,5
25627,2
27945,9
16406,3
9800,0 9
25374,1
29266,4 6
20820,2
28302,4
12949,0
29690,0 6 7
9562,6
6529,7
16173,3
6070,3 4
12556,2
26734,7
23215,4 6
24763,5 6
11204,4
3324,1 4
17678,6
1199,2
4785,6 7
22371,1
5692,2
18036,0 3 4 6
26520,6
30859,6 7
24607,0
14461,4 6
6767,6 7
17478,4 9
12638,3 6
1611,4 6
24750,6
499,2
1897,3 4
14643,4 6
14574,1 4
171,6
3066,4 6
30356,4 6
1376,1
27639,9
12081,4 6
4528,6
21081,0 4 6
27894,6 7
17245,4 5
14959,6
22894,8
3725,4
18639,3 4 6
15074,5
20192,6 8
27789,6
5419,0 3 6
16144,3 6
23982,4 6
20292,3 6
14677,9
26821,0 9
23770,4 6
5274,4 6
9633,1
20938,5
21818,6 7
26201,4 6
10215,0 4 6
29986,9
6354,0
9347,6
11589,6
25346,4 6
30637,4
12268,5
15394,3
28448,6
8160,0 3 4 6
24489,6
11487,4
25033,0 6
3884,0 4 5
23269,4 6
2082,9
8106,1
13535,7
28871,4 6
15617,4 6 7
20980,3 6
14667,0
27726,3 4 6
29081,3 4 6
15471,4
2905,6
13966,4 6
1013,6 8
1299,0 4 6
6960,5
4349,4 6
12480,1 6
27841,3 4
30975,6
8835,6
14954,4 6
28143,4 6
9353,6
12931,3
29531,4 6
29281,0 9
10263,6
14163,4 6
9973,4 6
28401,4 6
21242,3 4
12408,2
8336,4 6
5180,4 6
8460,1
3958,5
15339,4 6
780,6
3226,4 6
26565,3 9
1135,0 3
27877,6
9472,4 6
28211,4 6
2303,0 6
27564,9
8839,2 4 6
9415,0
14411,1
14397,4 6
24901,6 7
20045,0 6
27249,4 6
28526,4
31049,3 4 6
6054,9
28762,4 6
16452,4 6
8537,3 6
28910,6
5382,4 6
9352,5
2342,9
12996,0 6
19355,4 6
11363,2
8600,2 6
17325,1
76,3 4 6
8332,0 3 4 6
28006,7
1806,4 6
9746,4 9
23720,0 6
8023,1 4
27761,4 6
851,6
6142,0
7899,3 4 6
19877,0 3 4 6
2808,4 6
21769,1
3560,3 6
25742,4 6 7
6841,0 4 6
19982,0
31061,7
5602,6
10568,1
28329,0 6
8832,9
14706,4 6
5197,2 4
12633,0
5357,6
8118,6
26109,2 4
7494,0 4 6
26231,4
24498,4 6
28555,4 7
17807,4 6
20524,7
14891,6
17403,3 6
15465,0 4
6482,9
10736,3
6483,0 4 6
18634,0
4595,0
17661,0 6
10132,5
22268,4 6
9755,4 6
14460,6
284,0 4
14219,6 7
5346,4
2004,0 3
20024,4 6
24071,4 6
18714,4
30916,2 4
27482,4 6
476,3
14647,1
27420,4 6
10370,9
2298,7
27285,4 6
14214,0 6
6281,4 6
28095,6
4396,3 6
16718,3 4 6
10121,5 6
2387,4 6
1721,4 6
61,4 6 7
15557,1
20631,4
3256,4 6
24788,6
28379,9
22017,0 4
20251,0 2 4
21834,0 6
16531,0 3 4 6
15882,4 6
3709,6
3903,4
21377,0
10157,2 4
10302,6
14823,0 4
26963,6
17093,8
10792,6
26591,2 4 6
21700,6
19250,6
16212,5
6693,6
25849,4 5
17480,0 6
2699,4 6
25228,6
3798,6
18155,6
20352,0 4
9835,3
20502,4
21467,6
15699,0 4 6
11032,0 4 6
5400,4 6
7793,2
8623,4 6
22135,4
16616,4
43,3 4 6
5812,4 6
11221,3 4 6
29068,4 6
96,6 9
19452,6
14374,0 3
1124,6
11771,4 6
22358,4
26116,4 6
5272,3 4 6
10388,4
14083,6 9
25252,4 6
20888,6
22835,6 7
28048,4 6
28388,6
4830,4 6
20095,2
24053,4 6
14538,3 6
16672,0
15224,6
4379,0 3 6
18095,4
9386,4
17834,4 6
27882,8
8719,6 8
25286,2
18274,3 6
14029,6
25458,5
17155,2
18497,4 6
25392,4 6
20667,6
5971,0 4
9144,3
24983,4
23294,3 6
24984,4
21602,4
17474,3 4 6
25288,6
18886,4 6
10368,4 6 7
12387,0 6
25904,9
28609,4 6 7
15259,2 4
25325,3 4 6
14127,2 4
7020,1 6
15266,3 4 6
27146,4 6
10833,3
27108,0 4
6298,2
14783,0 4
17584,4 6
30290,4 5
3542,4 6
6397,1 4 6
9299,2
5771,2 4 6
9726,2 4 6
16097,4 6
15797,3
27484,4 6
18882,2 4
11143,6
2232,4
5010,0 3 6
10834,2 6
9382,6 7
5744,4 6
21381,3 6
16614,0 6 7
10006,4
3519,4 6
10707,4 6
26752,1 6
10827,4 6
17542,6
22229,4 6
12524,9
14457,4 6
10668,4 6
15441,0 4
27987,4 6
15608,0
14142,4 6
30407,3 6
10638,6
25578,0 4
17103,4 6
16153,6
4201,1
23209,1 4 6
13645,4 6
12323,6
16383,6
19833,4
9623,6 9
18867,4 6
30350,6
14197,3 6 7
17198,4 6
14838,4 6
30466,4 6
9655,0 3 4
6687,7
14432,3 4 6
21557,2 4
25728,2 4
18601,3 4
21474,0
28927,4
80,7
21477,6
6448,0 6
20136,2
29749,6
22753,0 3 4 6
13569,4 6
28615,4 6
21849,0
13273,3 4
22038,4 6
28052,9
15168,9
10811,6 7
29718,4 6
22245,3 4 6
11104,3 4 6
4494,4 6
4507,4 6
3596,3 5
24844,0 4 6
3981,6
28633,0 5
15870,6
29662,4
23091,6 7
992,4
8384,3 6
5320,4 6
30324,0 6
5085,6
25791,4 6
883,3 4 6
9287,2 4 6
27777,4 6
14551,4 6
15962,1 4
18089,3 6
7358,4 6
13909,3 6
24377,4 6
6880,7
3761,4
26111,5
30623,4 6
24292,6
14879,4 6
19087,2 4
3562,3 4 7
3549,4
22274,9
25743,3 4 6
30177,3 4 6
26075,1 4
13545,8
20308,4 6
20929,6
456,4 6
5924,0 6
10205,0
13987,4 6
18549,4
19918,3 4 6
5653,5
25853,0
24287,2 4
28228,5 6
18977,1
26761,0
23677,0 6
3015,5
19029,3 4 6
27993,4
11071,3
4516,6
3801,6
29403,0 6
26981,0 6
2487,4 6
12691,2
30503,4 6
416,4 6
19170,5
19404,1
20971,0 4
5976,9
29842,0
10829,1 6
15661,4 6
29342,0
7147,6 8
17606,1
10505,3 4 6
24079,4 6
29067,4
29481,9
17617,6
10429,6 8
17786,6
9116,4 6
20459,0 4 6
12130,4 6
17959,4 6
25277,2 4
26192,6 7
2991,0 4
12450,4 6
26223,6 9
14951,3
30624,4 6
1620,0
13421,5
22998,4 6
956,4 6
14945,0 1
21020,4 6
28331,2 4
16357,5 6
13375,6
16570,4 6
9710,4 6
12745,3
21001,6
116,4 6
3651,4 6
4771,3
29686,4
22182,9
24482,4 6
4956,2 4
4375,1 4 6
26539,5
20295,4 7
24640,4 6
27640,6
6569,1
2087,2
3347,4
8013,4 6
27476,4 6
20722,4 6
9511,0 4 6
9936,3
29952,0
7162,3 6
3894,5
2620,3
9291,4 6
5430,6
12566,4 6
9261,4 6
18983,3
2992,2 6
27818,0 4
13284,2
6120,0 4
18641,0 6
21822,6 9
18002,2
17091,4 6
14875,3 4 6
30458,0
1057,4 6
9054,6
12036,5
1597,7
9339,9
15357,0 3 6
25247,7
1190,6
2456,0
4869,4 6
21069,1 4 6
2449,4
6242,3 4
21068,3 4
13354,4 6
24294,4 6
23902,2
522,4 6
27821,7
30590,4 6
5740,0 6
4782,4 6
12531,0 6
25892,0 6
1475,2 4
19510,5 6 7
23031,5
19011,2 4 6
30561,3 4 6
30061,4
28405,4 6
26542,1 4 6
12317,4
8775,4 6
5420,3 4 6
15611,7
24373,4 6
12962,4
11624,4 6
25382,6
1490,4 6
11882,6
25819,4 6
15575,4 6
23785,4 6
12093,4
15561,4 6
25384,0 4 6
619,6
11095,4 6
11870,3 4
15824,4 6
25584,4
15626,4 6
4117,4 6
14372,0 4 6
28193,6
15822,1
4980,6
17708,0
2032,3 4
17279,4 6
30630,1
135,4
18997,1 6
30959,4
16713,3 4 6
473,4 6
7121,6
12212,6
2459,4 6 7
2243,3 4 6
14505,4
5201,3
25129,4 6
25046,0 3 4
21883,3 4
29982,4 7
29501,2 7
19993,3 4
26431,2 3 4
21755,2 4
11883,0 4 6
15591,6
16880,4 6
18673,9
1837,9
7850,9
2501,4 6
11268,4
5777,2 3 4 6
3273,0
12300,2 4
17271,3 4
6464,2 4 6
22639,5 6
276,0
3312,4
11089,2
21034,4 5 6
27754,6 7
10732,3 6
1536,2 4
6555,4 7
20076,4
13826,4 6
19994,0 4
20997,3 6
7735,3 6
19414,3 4 6
25678,4 6
30433,9
28884,4
2913,7
6923,8
17149,4 6
3792,4 6
30924,7
8951,0
30305,9
17367,3 4
15038,3 4
17169,1 4
3499,2 6
28446,6
21920,6
4226,2
17379,3 4 6
2933,3 4 6
3703,4 6
6314,0
288,4
3653,4 6
14780,3 4 6
20017,4 7
26771,3 4 6
13300,6
20735,6
12989,4 6
622,4 6
16360,0 3 4 6
10774,4 6
16709,4 6
1499,1
12495,3 4 6
15624,4
26835,4 6
15000,1
10761,7
18096,3
3151,0 4
25712,3
3056,0 3 4 6
28036,4
28945,5 6
7953,4 6
26661,4 6
8594,7
3868,3 4
30489,7
16119,4 6
5124,0 5
2718,2
25481,0 4
13139,7
24974,4 6
3183,5 6
25293,0 4 6
11458,4 6
25338,4 6
30268,2 4 6
6237,4 7
15175,6
2404,4
16953,6
30310,9
10390,3
1084,6
15399,4 6
23327,1
17206,4 6
18154,6 9
28273,4 6
12616,0 3
1928,4 6
17050,4 6
6476,5
18788,1
19043,3
9674,3 4
19074,4 6
17382,4
18809,4 6
27173,6
13328,4 6
29673,4 6
13724,4 6
18637,0
3025,9
16989,3 4 6
3411,7
17021,5
11208,4 6
9705,4 6
16640,1
27409,0 4 6
16732,3 4
19214,4 6
11664,6
27470,6 9
19974,2
27148,9
7230,3
16083,0 4
22856,4 6
21836,6 7
24072,4 6
20357,4 6
21802,4 7
22309,6
412,6
10675,4 6
29079,3
18300,6
19917,4 6 7
4619,4 5
13062,7
26149,1 4
14250,4
9000,1
12241,9
2215,4 9
72,4 6
14922,4 6
24000,3
21573,0
14719,4 6
25713,4 6
10022,4
20903,0 6
11069,4 6
11551,4 6
14998,6
24935,4
22100,3 6
22051,4
29043,3
1116,4 6
6815,6
2090,4 6
19597,6
19182,0 4 6
29365,4 6
6894,3 4 6
17106,6
3215,4 6
22022,0
18636,2 4
17509,4 6
54,8
27873,6
5854,4
21272,6 7
15128,4
22659,3
9413,3 4 6
16624,3 6
25894,1 4 6
20330,0 4 6
30112,6
23428,2
6369,6
30111,2 4 6
23932,3
7999,0
11790,4 6
17252,2 6
14562,3
4950,3 4 6
19641,4 6 7
20415,1
19745,4 6
14200,0
16952,4
5992,9
24156,8
11355,0 6
413,4 6
12893,4 6
26987,0
17460,3
4125,3 6
26515,0
21217,3 6
9773,2 4
26164,4 6
8773,1 4 6
23750,6 9
1915,0 3 4 6
29851,4 6
20048,4 6
5313,8
2276,2 4 6
8669,4 6
16256,3 4 6
2182,4 6
986,9
20933,3 6
2480,4 6
4503,7
28276,6
24746,4 6
18776,5
258,6 7
18708,1
6526,3
22752,8
20474,9
26246,2
10978,4 9
28706,6 7
30629,4 6
10662,6 7
14129,4 6
24703,4 6
16335,4 6
2771,4 6
10297,4 6
20792,4
23197,4 6
30931,4 6
6209,4 6
4636,1 4
28618,6
13832,4 6
5239,4 6
11090,1
203,4 6
2396,6
27328,3
9558,6
16831,4 6
27988,3 4 6
5303,2
19602,5 6
8828,0 4
17993,4
25152,1
21066,0
21747,7
9614,3
11803,4
29445,3 4 6
6021,4 6
10947,6
8700,7
328,2
20695,6
18518,9
19369,0 4
16051,4 6
10623,4
1605,4
28774,6 7
81,4 6
24899,2 4
10756,4 5
29304,3 6
29406,3 4
6151,7
21326,0 4 6
3020,6
14110,4 6
3946,4
4643,2 4
28661,4 6
16234,1 6
4733,4 6
7541,6
21006,1 4 6
20036,4 6
1525,6
15692,4 6
12361,6 9
3395,4 6
28279,4 6
10917,6
10449,1 3
9959,0 6
11852,4 6
17110,8
1904,4 6 7
4715,2 4
27899,7
5332,2 4 6
23580,4 6
22852,3 4 6
25243,9
20133,3
10597,3 4
26978,3 4 6
17219,4 6
1510,6 7
16012,2 4 6
25248,0
3722,9
29664,0 3 6
147,6
10129,4 6
27317,4 6
15057,4
4313,2 4
28121,6 7
913,4 6
28987,0 4 6
26883,2 4 6
13592,4 6
14095,1
2006,0 6
18276,6
2920,3 4
24422,4
20843,4
28873,3 4 6
24296,4 6
1394,4 6
14364,0
29658,1
9030,1
20014,4 6
21078,4 6
30218,6
13654,3 4 6
10402,3
26600,4 6
7049,1 4
19816,4 6
28553,2 4
5335,4 6
6920,4 6
6102,0
18419,3
26051,4 6
26762,4 6
2328,4 6
12998,4 6
11250,2 4
24113,4 6
28001,0 4 6
3736,4 6
19861,6
20057,4 6
18347,7
9252,6
6918,6 7
580,4 6
13348,1 4
3150,6
9033,4
18204,4 6
21007,4 6
12563,1
19709,4
9068,1
15602,3 4
7124,4 6
21748,4 6
21991,0 4
25630,0 4 6
18189,9
16889,4
15372,4 6
22034,4 6
21192,2
6816,4 6
29663,2 6
18894,4 6
28582,4 6
25716,4
11824,0
8325,1
18110,2 4 6
25305,6
22721,0 3
5078,0
6322,4 6
15723,4 6
17448,6
28504,6
905,3 4 6
22225,6 7
2450,3
2811,6
12258,6
23919,4 8
27325,1
12433,2
3468,3
8786,2 4
9057,3 4
29111,4 6
11690,2 4
574,8
17940,4 6
2746,4 6
2881,1 4
19158,4 6
1892,6
6762,4 6
4239,1
4634,6
8957,6
23381,0 4 6
24500,0 6
1804,9
2074,3 6
26548,0 4 6 7
13321,3 4
19046,4 6
31069,4 6
21634,4 6
7676,6
7914,4 6
19599,0 4 6
19373,2 4
15743,4 6
22780,4 6
3988,5
2042,4 6
25605,6
3540,4 6
6945,6
30517,6 9
17104,0
28519,6
19317,0
30228,2 3 4 6
1341,4 6
29232,3 4 6
4071,1 7
2782,4 6
25848,1
26941,4 6
14926,4
29813,0
22075,3 4 6
12982,3 4 6
12917,4 6
11622,5
18261,4 6 9
21137,0 6
13897,1 6
19719,3 4
21371,4 6
29212,6 7
9852,1 4
6349,4 6
29786,4 6
9597,3 6
23791,4 6 7
2906,3 4
22681,4 6
25959,6 7
14661,4 6
23238,3 4 6
15959,3
16878,3 4
10876,6 9
22472,4
8453,1 6
4940,4
20867,3 4 6
20596,2 4
2521,4 6
3821,4
18938,0 3 4 6
4572,4 6
30230,4 6
29998,3
1668,4
21798,2 4
6911,3 6 7
29583,4
25273,4 6
12543,4 6
24981,6 7
2728,4 6
20740,4 6
8408,3 4 6
16489,3 4
2516,0
3584,1 4 6
23185,4 6
30137,4
29897,4 6
11190,1 6
22355,2 6
7349,4 5
20108,3
19925,0 4 6
23103,4
20090,5
15036,3 4
8256,4 6
23569,0
12515,1
27110,4 6
5128,2
22566,4 6
24493,0 4 6
21691,1
6855,3 4 6
3799,4 7
6270,4
13576,4 6
13988,4 6
22244,4 6
16843,5
18290,4
21596,7
163,3
4793,4
3513,4
30149,1 6
19396,6 7
30904,4
400,6
21550,7
540,4 6
29758,4 6
555,4 6
15875,6
19287,6
1703,4
8175,3 6
10994,0 3
3961,3 6
15902,9
29919,5 6
16222,0 4 6
16079,4 6
30587,3
5080,4 6
22837,6
23986,4 6
22016,4
30232,4 6
3593,0 3
26080,0 2 6
15056,0 4 6
4341,4
13818,4 6
1229,2
24024,9
7788,4 6
1006,3
27766,4 6
26713,4
13746,0 2 6
10970,4 6
14019,5
13739,0
16008,3 4 6
25420,3 6
17017,5
9609,4
4677,3 4
30889,4
20333,2 4
11113,4 6 7
17731,4 6
8043,3
4928,8
18957,4 6 7
11887,9
7964,6
21187,6
11566,2
2896,3 6
9083,4
24338,4 6
9956,4
4640,6
9666,2 4
27087,0 4 6
30186,1 4 6 7
2023,2 4
6164,4 6
29320,2
21995,4 6
17797,6
589,4 6
3076,0 3 4 6
31030,6
22593,2 4
20484,6
12623,3 4
24401,3
14310,6
6008,4 6
19500,3
765,2 6
1494,3 4 7
16105,4 6
3809,6
11978,4
2893,4
22142,3 4 7
5660,4 6
2183,9
3249,6
474,1 7
11498,4 6
8691,1 4
28386,4 6
24222,3
8348,3 4 6
29754,0 4
16438,4 5
9942,4 6
9435,0 6
20509,9
15068,4 6
12285,0 4
25235,4
17365,4 6
22804,2 3 6
26522,6
15420,7
26683,0 4
18703,4 6
1509,0
27492,4 6
16285,1
27927,4 6
8790,1
9620,4 6
21642,3 6
19916,3 6 9
12832,6
27642,2 4
21332,5
26834,0 5
1809,3 4 6
20710,4
9072,6
19175,4 6 7
17129,4
7467,3 4
12932,6
2658,4 6
2460,4 6
18969,1
27968,0 3 4 6
7593,4 6
18367,6
10347,0 4 6
13132,8
21359,4 6
26820,0 6
11264,0
5424,3 6
10435,4 6
10010,1 4 6
29023,6 7
10814,3 4 5
99,2 4
8674,4 6
13623,0 5
13633,0
12865,6
11552,4 6 7
7382,4
5193,5
18281,4 6
8090,6 7
6746,4 6
4871,6
10899,0
30051,6
5591,1
10554,1 3 6
19160,4 6 7
12449,0 4
16236,4 6
15577,4
28918,1 4
6208,4 6
20583,4 6
22647,6
6442,4
454,1
18170,4 6
30359,4 6
4005,4 6 7
10469,4
1501,4 6
15129,4 7
22996,4 6
22468,4 6
12675,4
15312,7
14406,3
1706,0 4 6
27267,4 6
29724,9
21633,6
8680,4 6
1731,3 4
18834,2 4
14170,3
16960,2 4 6
26410,0
12792,9
16435,4
13335,4 6 7
18577,3 4 6
18745,3
20311,4 6
8265,4 6 7
5236,6
1277,7
28298,4 6
639,2 4 6
27125,2 4
16613,1
3177,8
19047,4 6
20616,6
22808,4 6
23778,4 6
12798,3
5222,4 6
23835,4 6
13209,4 6
21267,2 6
11077,4 6
19830,6
11530,0
20611,4 6
14710,4 6
10944,4 6
29042,9
1941,4 6
15427,4 6
3174,5
7527,1 4
19896,1 4
11722,4 6
9696,6 7
24185,4 6
20483,4 6
8053,4 6
14175,0 6
3286,6
18675,4 6
24405,4
2588,4
10824,3 6
3252,7
24562,0 4 6
28227,8
3370,4 6
1710,1
11123,4 6
26315,4
28231,0 6
6929,2 4
17261,4 6
29680,0 4 6
1186,4 6
18694,4 5
11170,6
26334,6
21003,6
17776,3 4 6
13808,9
26622,4 6
13881,4 6
8842,4 6
22959,1 7
19094,4 6
1714,1 4 6
13480,4 6
15345,2
8769,9
5774,0
4597,1
1587,0
13182,6
24936,2 4
24160,6
3887,4 6
27425,4 6
26578,4
17960,0 6
3319,4 6
5470,4
9772,4 6
28432,4 6
13507,6
26826,9
16339,0 6
22703,6
5957,5
25583,4
24440,9
19032,0
6409,3 4 6
20234,9
12810,4 6
30941,0 4 6
7081,4 6
19712,9
1850,4 6
10757,0 6
13964,0 4
2510,4 6
30866,6
20139,4 6
4266,0 6
18395,3 4 6
27663,4 6
18191,4
5444,3 6
10854,0 3
9689,3 4 6
5565,4 6
11779,4 6
1797,4 6
2861,5
11483,4
29743,0 3 4 6
1412,6 7
12586,4 6
19028,4 6
75,0
18767,4 6
12756,4 6
18462,9
14,4
21116,6
9145,6 7
17927,0 3 4 6
19236,0
20368,4 6
10216,4 6
9283,4 6
28212,0
14172,3
7598,9
12643,6
8852,6
22458,0
16415,2 6
26193,4 6
28385,1
4696,6
18953,4 6
24150,0 6 9
14088,6 7
26739,3
20062,0 3
2060,0
29877,7
27619,3 6
16090,0 4
7745,3
18402,3 4 6
15556,3 4 6
9174,4 6
20050,1
7337,4 6
26440,0
4435,4 6
16320,0 6
7596,4 6
15585,4
5670,4 6
10842,3 4 6
23927,2
15230,0 4
29422,0 4
14220,4 6
1831,4 7
26859,3 4 6
16537,5
6673,6
20012,7
27497,3
3697,2 4
1909,0
26699,0
25572,2
26998,2
11861,4
30897,3 4 6
2195,0 3
23649,3
11258,6
12677,0 4 6
6983,6
11130,4 6
5372,6 7
8018,6
12261,4 6 7
3872,3 4 6
6493,4 6
15890,4 6
29099,4 6
5973,4 6
5211,9
13158,8
28084,1 4
18943,9
27291,0 2
4922,5
22302,3
19687,4 6
16309,4 6
29698,3
16305,7
27788,4 6
27360,4 6
19904,4
15720,8
9105,9
15685,6
25010,0
28732,0
16084,0 6
4649,2 6
11048,4
7004,1 6 7
2217,3 6
19539,0 6
26969,2 4
22386,3 4
13467,1
14689,6 7
12032,9
9682,0 6
1092,4 6
27906,8
15211,3 4
22892,0
7255,6 7
3886,4 7
19245,4
1046,0
21759,4
19542,4 6
7935,6
13933,0 6
20505,4
6293,7
14287,4 6 9
9695,3
6204,4 6
6255,3 6
16917,4
13500,3 4
29709,6 9
16187,1
29912,4 6
24016,3 4 6
17280,4 6
7340,0
5865,4 6
849,3 6
30925,6 7
29802,4 6
4995,0 4 6
19948,0 3
1676,4 6
7532,3 4 6
7227,2
3101,0 4 6
28750,3 6
11244,4 6
1834,4 6
4973,0
7178,7
7361,1
30347,4 6
4455,1 4
22637,7
12625,6
24784,4
4979,8
25575,6
5282,4 6
26028,2
13894,5
11203,1 6
18598,0 6
9327,4
23634,3 6
19829,1 4 6
9453,6 9
22376,6
9729,4 6
8164,4 6
27800,4 6
19865,4 7
23784,4 6
23055,3 4 6
14903,4 6
20580,4 6
5245,3
11064,4 6
16411,0 4
11574,8
20247,0 3
17665,6
7750,9
25081,3 4
9712,3 4 6
30601,6 7
13248,8
23943,0 6
26829,1 6
13217,0
26212,0
19112,4 6
17482,2 4
819,4 6
1577,4 6
12332,4 5
15379,4 6
10683,0 6
15775,6
11300,4 6
17489,4 6
30594,7
28460,6
9021,9
1122,2 4 6
21641,1
18875,4 6
17634,3 4 6
17691,1 4
28835,4 6
14982,6
16626,6 9
15066,5
21312,6
15893,4 6
22844,1
30843,7
10561,0 6
8154,6
11600,6
1554,3 4 6
29974,4 6
25673,3
23714,5
27150,4 6
9019,5
20887,3 4 6
24751,6
25821,4 6
29494,4 6
18486,4 6
24808,0 4 6
11596,0 6
30029,8
5153,4
16500,4 6
26896,2
9181,2
29364,4 6
16743,1
9219,3 6
12303,7
8238,0 4 6
21354,4
21766,3 4
30868,1
12909,4 6
24,4 6
17975,4 6
9576,3 4 6
21035,4 6
4949,1 6
19273,4 6
16618,8
25373,6 9
12973,4 5
25383,1 4
22933,4 6
27697,4
30229,4 6
14545,0
23977,2 4 6
15395,3 4 6
22499,6 7
19248,4
21513,3 4 6
526,3
12790,3
8288,1
8520,2
9118,6
14454,2 4 7
7345,9
16250,4 6
6727,6
13014,3 4
11782,6
29862,6
17323,4 7
23403,3 4 6
23553,0 4
19617,4 6
8499,6
2368,2 3 4
14670,4 6
812,4 6
30915,0
2982,0 6
17414,2 4 6
20223,0 6
12031,5 6
1422,4 6
